0.0,668,568,579,642
0.0025,668,568,580,642
0.005,668,568,580,642
0.0075,668,568,580,642
0.01,668,568,580,642
0.0125,668,568,580,642
0.015,668,568,580,642
0.0175,668,568,580,642
0.02,668,568,580,642
0.0225,668,568,580,642
0.025,668,568,580,642
0.0275,668,568,580,642
0.03,668,568,580,642
0.0325,668,568,580,642
0.035,668,568,580,642
0.0375,668,568,580,642
0.04,668,568,580,642
0.0425,668,568,580,642
0.045,668,568,580,642
0.0475,668,568,580,642
0.05,668,568,580,642
0.0525,668,568,580,642
0.055,668,568,580,642
0.0575,668,568,580,642
0.06,668,568,580,642
0.0625,668,568,580,642
0.065,668,568,580,642
0.0675,668,568,580,642
0.07,668,568,579,642
0.0725,668,568,580,642
0.075,668,568,580,642
0.0775,668,568,580,642
0.08,668,568,580,642
0.0825,668,568,580,642
0.085,668,568,580,642
0.08750000000000001,668,568,580,642
0.09,668,568,580,642
0.0925,668,568,580,642
0.095,668,568,580,642
0.0975,668,568,580,642
0.1,668,568,580,642
0.10250000000000001,668,568,580,642
0.105,668,568,580,642
0.1075,668,568,580,642
0.11,668,568,579,642
0.1125,667,568,580,642
0.115,667,568,580,642
0.11750000000000001,668,568,580,642
0.12,668,568,579,642
0.1225,668,568,580,642
0.125,668,568,580,642
0.1275,668,568,580,642
0.13,668,568,579,642
0.1325,668,568,580,642
0.135,668,568,580,642
0.1375,668,568,580,642
0.14,668,568,580,642
0.14250000000000002,668,568,580,642
0.145,668,568,580,642
0.1475,668,568,580,642
0.15,668,568,580,642
0.1525,668,568,580,642
0.155,668,568,580,642
0.1575,668,568,580,642
0.16,668,568,580,642
0.1625,668,568,580,642
0.165,668,568,580,642
0.1675,668,568,580,642
0.17,668,568,580,642
0.17250000000000001,668,568,580,642
0.17500000000000002,668,568,580,642
0.1775,668,568,580,642
0.18,668,568,580,642
0.1825,668,568,580,642
0.185,668,568,579,642
0.1875,668,568,580,642
0.19,668,568,580,642
0.1925,668,568,580,642
0.195,668,568,580,642
0.1975,668,568,580,642
0.2,668,568,580,642
0.2025,668,568,580,642
0.20500000000000002,22140,668,568,580
0.20750000000000002,668,568,580,642
0.21,668,568,580,642
0.2125,668,568,580,642
0.215,668,568,580,642
0.2175,668,568,580,642
0.22,668,568,580,642
0.2225,668,568,580,642
0.225,668,568,580,642
0.2275,668,568,580,642
0.23,668,568,580,642
0.2325,668,568,580,642
0.23500000000000001,668,568,580,642
0.23750000000000002,668,568,580,642
0.24,668,568,580,642
0.2425,668,568,580,642
0.245,668,568,580,642
0.2475,668,568,580,642
0.25,668,568,580,642
0.2525,668,568,580,642
0.255,668,568,580,642
0.2575,668,568,580,642
0.26,668,568,580,642
0.2625,668,568,580,642
0.265,668,568,580,642
0.2675,668,568,580,642
0.27,668,568,580,642
0.2725,668,568,580,642
0.275,668,568,580,642
0.2775,668,568,579,642
0.28,668,568,580,642
0.28250000000000003,668,568,580,642
0.28500000000000003,668,568,580,642
0.28750000000000003,668,568,580,642
0.29,668,568,580,642
0.2925,668,568,580,642
0.295,668,568,580,642
0.2975,668,568,580,642
0.3,668,568,580,642
0.3025,668,568,580,642
0.305,668,568,579,642
0.3075,668,568,580,642
0.31,668,568,580,642
0.3125,668,568,580,642
0.315,668,568,580,642
0.3175,668,568,580,642
0.32,668,568,580,642
0.3225,668,568,580,642
0.325,668,568,580,642
0.3275,668,568,580,642
0.33,668,568,580,642
0.3325,668,568,580,642
0.335,668,568,580,642
0.3375,668,568,580,642
0.34,668,568,579,642
0.3425,668,568,580,642
0.34500000000000003,668,568,580,642
0.34750000000000003,668,568,580,642
0.35000000000000003,668,568,580,642
0.3525,668,568,580,642
0.355,668,568,580,642
0.3575,668,568,580,642
0.36,668,568,580,642
0.3625,668,568,580,642
0.365,668,568,579,642
0.3675,668,568,580,642
0.37,668,568,580,642
0.3725,668,568,580,642
0.375,668,568,580,642
0.3775,668,568,580,642
0.38,668,568,580,642
0.3825,668,568,580,642
0.385,668,568,580,642
0.3875,668,568,580,642
0.39,668,568,580,642
0.3925,668,568,580,642
0.395,668,568,580,642
0.3975,668,568,580,642
0.4,668,568,580,642
0.4025,668,568,580,642
0.405,668,568,580,642
0.40750000000000003,668,568,580,642
0.41000000000000003,668,568,580,642
0.41250000000000003,668,568,580,642
0.41500000000000004,668,568,580,642
0.4175,668,568,580,642
0.42,668,568,580,642
0.4225,668,568,580,642
0.425,668,568,580,642
0.4275,668,568,580,642
0.43,668,568,580,642
0.4325,668,568,580,642
0.435,668,568,580,642
0.4375,668,568,579,642
0.44,668,568,579,642
0.4425,668,568,580,642
0.445,668,568,580,642
0.4475,668,568,580,642
0.45,668,568,580,642
0.4525,668,568,580,642
0.455,668,568,579,642
0.4575,668,568,580,642
0.46,668,568,580,642
0.4625,668,568,580,642
0.465,668,568,580,642
0.4675,668,568,580,642
0.47000000000000003,668,568,580,642
0.47250000000000003,668,568,580,642
0.47500000000000003,668,568,580,642
0.47750000000000004,668,568,580,642
0.48,668,568,580,642
0.4825,668,568,580,642
0.485,668,568,580,642
0.4875,668,568,580,642
0.49,668,568,580,642
0.4925,668,568,579,642
0.495,668,568,579,642
0.4975,668,568,580,642
0.5,668,568,580,642
0.5025000000000001,668,568,579,642
0.505,668,568,580,642
0.5075000000000001,667,568,580,642
0.51,668,568,580,642
0.5125,668,568,580,642
0.515,668,568,580,642
0.5175,668,568,580,642
0.52,668,568,579,642
0.5225,668,568,580,642
0.525,668,568,580,642
0.5275,668,568,580,642
0.53,668,568,580,642
0.5325,668,568,580,642
0.535,668,568,579,642
0.5375,668,568,580,642
0.54,668,568,580,642
0.5425,668,568,580,642
0.545,668,568,580,642
0.5475,668,568,580,642
0.55,668,568,580,642
0.5525,668,568,579,642
0.555,668,568,580,642
0.5575,668,568,580,642
0.56,668,568,580,642
0.5625,668,568,580,642
0.5650000000000001,668,568,580,642
0.5675,668,568,580,642
0.5700000000000001,668,568,580,642
0.5725,668,568,580,642
0.5750000000000001,668,568,580,642
0.5775,668,568,580,642
0.58,668,568,580,642
0.5825,668,568,580,642
0.585,668,568,580,642
0.5875,668,568,580,642
0.59,668,568,580,642
0.5925,668,568,580,642
0.595,668,568,580,642
0.5975,668,568,580,642
0.6,668,568,580,642
0.6025,668,568,579,642
0.605,668,568,580,642
0.6075,668,568,580,642
0.61,668,568,579,642
0.6125,668,568,580,642
0.615,668,568,580,642
0.6175,667,568,580,642
0.62,668,568,579,642
0.6225,668,568,580,642
0.625,668,568,580,642
0.6275000000000001,668,568,580,642
0.63,668,568,580,642
0.6325000000000001,668,568,580,642
0.635,668,568,580,642
0.6375000000000001,668,568,580,642
0.64,668,568,580,642
0.6425,668,568,580,642
0.645,668,568,580,642
0.6475,668,568,580,642
0.65,668,568,580,642
0.6525,668,568,580,642
0.655,668,568,579,642
0.6575,668,568,580,642
0.66,668,568,580,642
0.6625,668,568,580,642
0.665,668,568,580,642
0.6675,668,568,580,642
0.67,668,568,580,642
0.6725,668,568,580,642
0.675,668,568,580,642
0.6775,668,568,580,642
0.68,668,568,580,642
0.6825,668,568,579,642
0.685,668,568,580,642
0.6875,668,568,580,642
0.6900000000000001,668,568,580,642
0.6925,668,568,579,642
0.6950000000000001,668,568,580,642
0.6975,667,568,580,642
0.7000000000000001,668,568,580,642
0.7025,668,568,580,642
0.705,668,568,580,642
0.7075,668,568,580,642
0.71,668,568,580,642
0.7125,668,568,580,642
0.715,668,568,580,642
0.7175,667,568,580,642
0.72,668,568,580,642
0.7225,668,568,580,642
0.725,668,568,580,642
0.7275,668,568,580,642
0.73,668,568,580,642
0.7325,668,568,580,642
0.735,668,568,580,642
0.7375,668,568,580,642
0.74,668,568,580,642
0.7425,668,568,580,642
0.745,668,568,580,642
0.7475,668,568,580,642
0.75,668,568,580,642
0.7525000000000001,668,568,580,642
0.755,668,568,580,642
0.7575000000000001,668,568,580,642
0.76,668,568,580,642
0.7625000000000001,668,568,580,642
0.765,668,568,580,642
0.7675000000000001,668,568,580,642
0.77,667,568,580,642
0.7725,668,568,580,642
0.775,668,568,580,642
0.7775,668,568,580,642
0.78,668,568,580,642
0.7825,668,568,580,642
0.785,668,568,580,642
0.7875,668,568,580,642
0.79,668,568,580,642
0.7925,668,568,580,642
0.795,668,568,580,642
0.7975,668,568,580,642
0.8,668,568,580,642
0.8025,668,568,580,642
0.805,668,568,580,642
0.8075,668,568,580,642
0.81,667,568,580,642
0.8125,668,568,580,642
0.8150000000000001,668,568,580,642
0.8175,668,568,580,642
0.8200000000000001,668,568,580,642
0.8225,668,568,580,642
0.8250000000000001,668,568,580,642
0.8275,668,568,580,642
0.8300000000000001,668,568,580,642
0.8325,668,568,580,642
0.835,668,568,580,642
0.8375,668,568,580,642
0.84,668,568,580,642
0.8425,668,568,580,642
0.845,668,568,580,642
0.8475,668,568,580,642
0.85,668,568,580,642
0.8525,668,568,580,642
0.855,668,568,580,642
0.8575,668,568,580,642
0.86,668,568,580,642
0.8625,668,568,580,642
0.865,668,568,580,642
0.8675,668,568,580,642
0.87,668,568,580,642
0.8725,668,568,580,642
0.875,668,568,580,642
0.8775000000000001,668,568,580,642
0.88,668,568,580,642
0.8825000000000001,667,568,580,642
0.885,668,568,580,642
0.8875000000000001,668,568,580,642
0.89,668,568,580,642
0.8925000000000001,668,568,580,642
0.895,668,568,580,642
0.8975,668,568,580,642
0.9,668,568,580,642
0.9025,668,568,580,642
0.905,668,568,580,642
0.9075,668,568,580,642
0.91,668,568,580,642
0.9125,668,568,580,642
0.915,668,568,580,642
0.9175,668,568,580,642
0.92,668,569,580,642
0.9225,668,568,580,642
0.925,668,568,580,642
0.9275,668,569,580,642
0.93,668,568,580,642
0.9325,667,568,580,642
0.935,668,568,0,47746
0.9375,668,569,580,642
0.9400000000000001,668,569,580,642
0.9425,668,568,580,642
0.9450000000000001,668,569,580,642
0.9475,668,568,580,642
0.9500000000000001,668,569,580,642
0.9525,668,569,580,642
0.9550000000000001,668,568,580,642
0.9575,668,568,580,642
0.96,668,568,580,642
0.9625,668,569,580,642
0.965,668,569,580,642
0.9675,668,569,580,642
0.97,668,568,580,642
0.9725,668,568,580,642
0.975,668,569,580,642
0.9775,668,568,580,642
0.98,668,568,580,642
0.9825,668,568,580,642
0.985,668,568,580,642
0.9875,668,569,580,642
0.99,668,568,580,642
0.9925,668,569,580,642
0.995,668,569,580,642
0.9975,668,568,580,642
1.0,668,568,580,642
1.0025,668,568,580,642
1.0050000000000001,668,568,580,642
1.0075,668,569,580,642
1.01,668,568,580,642
1.0125,668,569,580,642
1.0150000000000001,668,568,580,642
1.0175,668,569,580,642
1.02,668,568,580,642
1.0225,668,568,580,642
1.025,668,568,580,642
1.0275,668,569,580,642
1.03,668,569,580,642
1.0325,668,569,580,642
1.035,668,568,580,642
1.0375,668,568,580,642
1.04,668,568,580,642
1.0425,668,569,580,642
1.045,668,568,580,642
1.0475,668,568,580,642
1.05,668,569,580,642
1.0525,668,569,580,642
1.055,668,568,580,642
1.0575,668,569,580,642
1.06,668,569,580,642
1.0625,668,568,580,642
1.065,668,568,580,642
1.0675000000000001,668,568,580,642
1.07,668,568,580,642
1.0725,668,568,580,642
1.075,668,568,580,642
1.0775000000000001,668,568,580,642
1.08,668,568,580,642
1.0825,668,568,580,642
1.085,668,568,580,642
1.0875000000000001,668,568,580,642
1.09,668,568,580,642
1.0925,668,568,580,642
1.095,668,568,580,642
1.0975,668,568,580,642
1.1,668,568,580,642
1.1025,668,569,580,642
1.105,668,568,580,642
1.1075,668,568,580,642
1.11,668,568,580,642
1.1125,668,568,580,642
1.115,668,568,580,642
1.1175,668,568,580,642
1.12,668,568,580,642
1.1225,668,568,580,642
1.125,668,568,580,642
1.1275,668,569,580,642
1.1300000000000001,668,569,580,642
1.1325,668,568,580,642
1.135,668,568,580,642
1.1375,668,569,580,642
1.1400000000000001,668,568,580,642
1.1425,668,568,580,642
1.145,668,568,580,642
1.1475,668,568,580,642
1.1500000000000001,668,568,580,642
1.1525,668,568,580,642
1.155,668,568,580,642
1.1575,668,568,580,642
1.16,668,568,580,642
1.1625,668,568,580,642
1.165,668,569,580,642
1.1675,668,568,580,642
1.17,668,568,580,642
1.1725,668,568,580,642
1.175,668,569,580,642
1.1775,668,568,580,642
1.18,668,568,580,642
1.1825,668,568,580,642
1.185,668,569,580,642
1.1875,668,568,580,642
1.19,668,568,580,642
1.1925000000000001,668,568,580,642
1.195,668,568,580,642
1.1975,668,568,580,642
1.2,668,568,580,642
1.2025000000000001,668,569,580,642
1.205,668,568,580,642
1.2075,668,568,580,642
1.21,668,568,580,642
1.2125000000000001,668,568,580,642
1.215,668,568,580,642
1.2175,668,568,580,642
1.22,668,568,580,642
1.2225,668,568,580,642
1.225,668,568,580,642
1.2275,668,568,580,642
1.23,668,568,580,642
1.2325,668,568,580,642
1.235,668,568,580,642
1.2375,668,568,580,642
1.24,668,568,580,642
1.2425,668,568,580,642
1.245,668,568,580,642
1.2475,668,568,580,642
1.25,668,568,580,642
1.2525,668,568,580,642
1.2550000000000001,668,568,580,642
1.2575,668,568,580,642
1.26,668,568,580,642
1.2625,668,568,580,642
1.2650000000000001,668,568,580,642
1.2675,668,569,580,642
1.27,668,568,580,642
1.2725,668,568,580,642
1.2750000000000001,668,568,580,642
1.2775,668,569,580,642
1.28,668,568,580,642
1.2825,668,568,580,642
1.285,668,568,580,642
1.2875,668,568,580,642
1.29,668,568,580,642
1.2925,668,568,580,642
1.295,667,568,580,642
1.2975,668,568,580,642
1.3,668,568,580,642
1.3025,668,568,580,642
1.305,668,568,580,642
1.3075,668,568,580,642
1.31,668,568,580,642
1.3125,668,568,580,642
1.315,668,568,580,642
1.3175000000000001,668,568,580,642
1.32,668,568,580,642
1.3225,668,568,580,642
1.325,668,568,580,642
1.3275000000000001,668,568,580,642
1.33,668,568,580,642
1.3325,668,568,580,642
1.335,668,568,580,642
1.3375000000000001,668,568,580,642
1.34,668,568,580,642
1.3425,668,568,580,642
1.345,668,568,580,642
1.3475,668,568,580,642
1.35,668,568,580,642
1.3525,668,568,580,642
1.355,668,569,580,642
1.3575,668,569,580,642
1.36,668,568,580,642
1.3625,668,568,580,642
1.365,668,568,580,642
1.3675,668,568,580,642
1.37,668,568,580,642
1.3725,668,568,580,642
1.375,668,569,580,642
1.3775,668,568,580,642
1.3800000000000001,668,568,580,642
1.3825,668,568,580,642
1.385,668,568,580,642
1.3875,668,568,580,642
1.3900000000000001,668,569,580,642
1.3925,668,568,580,642
1.395,668,568,580,642
1.3975,668,569,580,642
1.4000000000000001,668,568,580,642
1.4025,668,569,580,642
1.405,668,569,580,642
1.4075,668,568,580,642
1.41,668,568,580,642
1.4125,668,568,580,642
1.415,668,568,580,642
1.4175,668,568,580,642
1.42,668,569,580,642
1.4225,668,568,580,642
1.425,668,568,580,642
1.4275,667,568,580,642
1.43,668,568,580,642
1.4325,668,568,580,642
1.435,668,568,580,642
1.4375,668,568,580,642
1.44,668,569,580,642
1.4425000000000001,668,569,580,642
1.445,668,568,580,642
1.4475,668,568,580,642
1.45,668,568,580,642
1.4525000000000001,668,568,580,642
1.455,668,568,580,642
1.4575,668,568,580,642
1.46,668,568,580,642
1.4625000000000001,668,568,580,642
1.465,668,569,580,642
1.4675,668,568,580,642
1.47,668,568,580,642
1.4725,668,569,580,642
1.475,668,569,580,642
1.4775,668,568,580,642
1.48,668,568,580,642
1.4825,668,568,580,642
1.485,668,568,580,642
1.4875,668,568,580,642
1.49,668,568,580,642
1.4925,668,568,580,642
1.495,668,568,580,642
1.4975,668,568,580,642
1.5,668,568,580,642
1.5025,668,568,580,642
1.5050000000000001,668,568,580,642
1.5075,668,568,580,642
1.51,668,568,580,642
1.5125,668,568,580,642
1.5150000000000001,668,568,580,642
1.5175,668,568,580,642
1.52,668,568,580,642
1.5225,668,568,580,642
1.5250000000000001,668,568,580,642
1.5275,668,568,580,642
1.53,668,568,580,642
1.5325,668,568,580,642
1.5350000000000001,668,568,580,642
1.5375,668,568,580,642
1.54,668,568,580,642
1.5425,668,568,580,642
1.545,668,568,580,642
1.5475,668,568,580,642
1.55,668,568,580,642
1.5525,668,568,580,642
1.555,668,569,580,642
1.5575,668,568,580,642
1.56,668,568,580,642
1.5625,668,568,580,642
1.565,668,569,580,642
1.5675000000000001,668,568,580,642
1.57,668,568,580,642
1.5725,668,568,580,642
1.575,668,568,580,642
1.5775000000000001,668,568,580,642
1.58,668,568,580,642
1.5825,668,568,580,642
1.585,667,568,580,642
1.5875000000000001,668,568,580,642
1.59,668,568,580,642
1.5925,668,568,580,642
1.595,668,568,580,642
1.5975000000000001,668,568,580,642
1.6,668,569,580,642
1.6025,668,568,580,642
1.605,668,568,580,642
1.6075,668,568,580,642
1.61,668,568,580,642
1.6125,668,568,580,642
1.615,668,568,580,642
1.6175,668,568,580,642
1.62,668,568,580,642
1.6225,668,568,580,642
1.625,668,568,580,642
1.6275,668,568,580,642
1.6300000000000001,668,568,580,642
1.6325,668,568,580,642
1.635,668,568,580,642
1.6375,668,568,580,642
1.6400000000000001,668,568,580,642
1.6425,668,568,580,642
1.645,668,568,580,642
1.6475,668,569,580,642
1.6500000000000001,667,568,580,642
1.6525,668,569,580,642
1.655,668,569,580,642
1.6575,668,568,580,642
1.6600000000000001,668,568,580,642
1.6625,668,568,580,642
1.665,668,568,580,642
1.6675,668,568,580,642
1.67,668,568,580,642
1.6725,668,568,580,642
1.675,668,569,580,642
1.6775,668,568,580,642
1.68,668,569,580,642
1.6825,668,568,580,642
1.685,668,568,580,642
1.6875,668,568,580,642
1.69,668,569,580,642
1.6925000000000001,668,568,580,642
1.695,668,568,580,642
1.6975,668,568,580,642
1.7,668,568,580,642
1.7025000000000001,668,568,580,642
1.705,668,568,580,642
1.7075,668,568,580,642
1.71,668,568,580,642
1.7125000000000001,668,568,580,642
1.715,668,569,580,642
1.7175,668,569,580,642
1.72,668,568,580,642
1.7225000000000001,668,568,580,642
1.725,668,568,580,642
1.7275,668,568,580,642
1.73,668,569,580,642
1.7325,668,568,580,642
1.735,668,568,580,642
1.7375,668,568,580,642
1.74,668,568,580,642
1.7425,668,568,580,642
1.745,668,568,580,642
1.7475,668,568,580,642
1.75,668,568,580,642
1.7525,668,568,580,642
1.7550000000000001,668,568,580,642
1.7575,668,568,580,642
1.76,668,568,580,642
1.7625,668,568,580,642
1.7650000000000001,668,568,580,642
1.7675,668,568,580,642
1.77,668,569,580,642
1.7725,668,568,580,642
1.7750000000000001,668,568,580,642
1.7775,668,569,580,642
1.78,668,568,580,642
1.7825,668,568,580,642
1.7850000000000001,668,568,580,642
1.7875,668,569,580,642
1.79,668,568,580,642
1.7925,668,568,580,642
1.795,668,568,580,642
1.7975,668,568,580,642
1.8,668,568,580,642
1.8025,668,568,580,642
1.805,668,568,580,642
1.8075,668,568,580,642
1.81,668,569,580,642
1.8125,668,568,580,642
1.815,668,568,580,642
1.8175000000000001,668,568,580,642
1.82,668,568,580,642
1.8225,668,568,580,642
1.825,668,568,580,642
1.8275000000000001,668,568,580,642
1.83,668,568,580,642
1.8325,668,569,580,642
1.835,668,569,580,642
1.8375000000000001,668,568,580,642
1.84,668,568,580,642
1.8425,668,568,580,642
1.845,668,569,580,642
1.8475000000000001,668,568,580,642
1.85,668,568,580,642
1.8525,668,568,580,642
1.855,668,569,580,642
1.8575,668,568,580,642
1.86,668,568,580,642
1.8625,668,568,580,642
1.865,668,568,580,642
1.8675,668,568,580,642
1.87,668,568,580,642
1.8725,668,568,580,642
1.875,668,568,580,642
1.8775,668,568,580,642
1.8800000000000001,668,568,580,642
1.8825,668,568,580,642
1.885,668,568,580,642
1.8875,668,568,580,642
1.8900000000000001,668,568,580,642
1.8925,667,568,580,642
1.895,668,568,580,642
1.8975,668,568,580,642
1.9000000000000001,668,568,580,642
1.9025,668,568,580,642
1.905,668,568,580,642
1.9075,668,568,580,642
1.9100000000000001,667,568,580,642
1.9125,668,568,580,642
1.915,668,569,580,642
1.9175,668,569,580,642
1.92,668,568,580,642
1.9225,668,569,580,642
1.925,668,568,580,642
1.9275,668,568,580,642
1.93,668,568,580,642
1.9325,668,568,580,642
1.935,668,568,580,642
1.9375,668,568,580,642
1.94,668,568,580,642
1.9425000000000001,668,568,580,642
1.945,668,568,580,642
1.9475,668,568,580,642
1.95,668,568,580,642
1.9525000000000001,668,568,580,642
1.955,668,568,580,642
1.9575,668,568,580,642
1.96,668,568,580,642
1.9625000000000001,668,568,580,642
1.965,668,568,580,642
1.9675,668,568,580,642
1.97,668,568,580,642
1.9725000000000001,668,569,580,642
1.975,668,569,580,642
1.9775,668,568,580,642
1.98,667,568,580,642
1.9825000000000002,668,568,580,642
1.985,668,568,580,642
1.9875,668,568,580,642
1.99,668,568,580,642
1.9925,668,568,580,642
1.995,668,569,580,642
1.9975,668,568,580,642
2.0,668,569,580,642
2.0025,668,568,580,642
2.005,668,568,580,642
2.0075,668,568,580,642
2.0100000000000002,668,568,580,642
2.0125,668,568,580,642
2.015,668,568,580,642
2.0175,667,568,580,642
2.02,668,568,580,642
2.0225,668,569,580,642
2.025,668,568,580,642
2.0275,668,568,580,642
2.0300000000000002,668,568,580,642
2.0325,668,568,580,642
2.035,668,568,580,642
2.0375,668,568,580,642
2.04,668,568,580,642
2.0425,668,568,580,642
2.045,668,568,580,642
2.0475,668,568,580,642
2.05,668,568,580,642
2.0525,668,568,580,642
2.055,668,568,580,642
2.0575,668,569,580,642
2.06,668,568,580,642
2.0625,668,568,580,642
2.065,668,569,580,642
2.0675,668,568,580,642
2.07,668,568,580,642
2.0725000000000002,668,568,580,642
2.075,668,569,580,642
2.0775,668,568,580,642
2.08,668,568,580,642
2.0825,668,568,580,642
2.085,668,569,580,642
2.0875,668,568,580,642
2.09,668,568,580,642
2.0925000000000002,668,568,580,642
2.095,668,568,580,642
2.0975,668,568,580,642
2.1,668,568,580,642
2.1025,668,568,580,642
2.105,668,568,580,642
2.1075,668,568,580,642
2.11,668,568,580,642
2.1125,668,568,580,642
2.115,668,568,580,642
2.1175,668,568,580,642
2.12,668,568,580,642
2.1225,668,569,580,642
2.125,668,568,580,642
2.1275,668,568,580,642
2.13,668,568,580,642
2.1325,668,569,580,642
2.1350000000000002,668,568,580,642
2.1375,668,568,580,642
2.14,668,568,580,642
2.1425,668,568,580,642
2.145,668,568,580,642
2.1475,668,568,580,642
2.15,668,568,580,642
2.1525,668,569,580,642
2.1550000000000002,668,568,580,642
2.1575,668,568,580,642
2.16,668,568,580,642
2.1625,668,568,580,642
2.165,668,569,580,642
2.1675,668,568,580,642
2.17,668,568,580,642
2.1725,668,569,580,642
2.1750000000000003,668,568,580,642
2.1775,668,568,580,642
2.18,668,569,580,642
2.1825,668,569,580,642
2.185,668,568,580,642
2.1875,668,568,580,642
2.19,668,568,580,642
2.1925,668,569,580,642
2.195,668,569,580,642
2.1975000000000002,668,568,580,642
2.2,668,568,580,642
2.2025,668,569,580,642
2.205,668,568,580,642
2.2075,668,568,580,642
2.21,668,568,580,642
2.2125,668,568,580,642
2.215,668,569,580,642
2.2175000000000002,668,569,580,642
2.22,668,568,580,642
2.2225,668,568,580,642
2.225,668,568,580,642
2.2275,668,568,580,642
2.23,668,568,580,642
2.2325,668,568,580,642
2.235,668,568,580,642
2.2375000000000003,668,568,580,642
2.24,668,568,580,642
2.2425,668,569,580,642
2.245,668,568,580,642
2.2475,668,569,580,642
2.25,668,568,580,642
2.2525,668,568,580,642
2.255,668,569,580,642
2.2575,668,568,580,642
2.2600000000000002,668,568,580,642
2.2625,668,568,580,642
2.265,668,568,580,642
2.2675,668,569,580,642
2.27,668,568,580,642
2.2725,668,569,580,642
2.275,668,568,580,642
2.2775,668,568,580,642
2.2800000000000002,668,569,580,642
2.2825,668,568,580,642
2.285,668,568,580,642
2.2875,668,568,580,642
2.29,668,568,580,642
2.2925,668,569,580,642
2.295,668,568,580,642
2.2975,668,569,580,642
2.3000000000000003,668,568,580,642
2.3025,668,568,580,642
2.305,668,568,580,642
2.3075,668,569,580,642
2.31,668,568,580,642
2.3125,668,568,580,642
2.315,668,568,580,642
2.3175,668,569,580,642
2.32,668,569,580,642
2.3225000000000002,668,569,580,642
2.325,668,568,580,642
2.3275,668,568,580,642
2.33,668,568,580,642
2.3325,668,568,580,642
2.335,668,568,580,642
2.3375,668,568,580,642
2.34,668,568,580,642
2.3425000000000002,668,568,580,642
2.345,668,568,580,642
2.3475,668,568,580,642
2.35,668,568,580,642
2.3525,668,568,580,642
2.355,668,568,580,642
2.3575,668,568,580,642
2.36,668,568,580,642
2.3625000000000003,668,568,580,642
2.365,668,569,580,642
2.3675,668,568,580,642
2.37,668,568,580,642
2.3725,668,568,580,642
2.375,668,568,580,642
2.3775,668,569,580,642
2.38,668,569,580,642
2.3825,668,568,580,642
2.3850000000000002,668,569,580,642
2.3875,668,568,580,642
2.39,668,568,580,642
2.3925,668,568,580,642
2.395,668,568,580,642
2.3975,668,568,580,642
2.4,668,568,580,642
2.4025,668,568,580,642
2.4050000000000002,668,569,580,642
2.4075,668,568,580,642
2.41,668,568,580,642
2.4125,668,568,580,642
2.415,668,569,580,642
2.4175,668,568,580,642
2.42,668,568,580,642
2.4225,668,568,580,642
2.4250000000000003,668,568,580,642
2.4275,668,568,580,642
2.43,668,568,580,642
2.4325,668,568,580,642
2.435,668,568,580,642
2.4375,668,569,580,642
2.44,668,568,580,642
2.4425,668,568,580,642
2.445,668,569,580,642
2.4475000000000002,668,568,580,642
2.45,668,569,580,642
2.4525,668,568,580,642
2.455,668,569,580,642
2.4575,668,569,580,642
2.46,668,568,580,642
2.4625,668,568,580,642
2.465,668,568,580,642
2.4675000000000002,668,568,580,642
2.47,668,568,580,642
2.4725,668,568,580,642
2.475,668,568,580,642
2.4775,668,568,580,642
2.48,668,569,580,642
2.4825,668,568,580,642
2.485,668,568,580,642
2.4875000000000003,668,568,580,642
2.49,668,568,580,642
2.4925,668,568,580,642
2.495,668,569,580,642
2.4975,668,568,580,642
2.5,668,569,580,642
2.5025,668,569,580,642
2.505,668,569,580,642
2.5075,668,568,580,642
2.5100000000000002,668,568,580,642
2.5125,668,568,580,642
2.515,668,569,580,642
2.5175,668,569,580,642
2.52,668,569,580,642
2.5225,668,569,580,642
2.525,668,568,580,642
2.5275,668,568,580,642
2.5300000000000002,668,568,580,642
2.5325,668,568,580,642
2.535,668,568,580,642
2.5375,668,568,580,642
2.54,668,568,580,642
2.5425,668,568,580,642
2.545,668,569,580,642
2.5475,668,568,580,642
2.5500000000000003,668,569,580,642
2.5525,668,569,580,642
2.555,668,568,580,642
2.5575,668,568,580,642
2.56,668,568,580,642
2.5625,668,568,580,642
2.565,668,568,580,642
2.5675,668,569,580,642
2.57,668,568,580,642
2.5725000000000002,668,569,580,642
2.575,668,569,580,642
2.5775,668,569,580,642
2.58,668,568,580,642
2.5825,668,569,580,642
2.585,668,568,580,642
2.5875,668,569,580,642
2.59,668,568,580,642
2.5925000000000002,668,569,580,642
2.595,668,569,580,642
2.5975,668,569,580,642
2.6,668,569,580,642
2.6025,668,568,580,642
2.605,668,569,580,642
2.6075,668,568,580,642
2.61,668,568,580,642
2.6125000000000003,668,569,580,642
2.615,668,569,580,642
2.6175,668,569,580,642
2.62,668,568,580,642
2.6225,668,569,580,642
2.625,668,568,580,642
2.6275,668,568,580,642
2.63,668,568,580,642
2.6325,668,568,580,642
2.6350000000000002,668,569,580,642
2.6375,668,568,580,642
2.64,668,568,580,642
2.6425,668,568,580,642
2.645,668,568,580,642
2.6475,668,569,580,642
2.65,668,569,580,642
2.6525,668,568,580,642
2.6550000000000002,668,568,580,642
2.6575,668,568,580,642
2.66,668,569,580,642
2.6625,668,568,580,642
2.665,668,568,580,642
2.6675,668,569,580,642
2.67,668,568,580,642
2.6725,668,568,580,642
2.6750000000000003,668,568,580,642
2.6775,668,569,580,642
2.68,668,569,580,642
2.6825,668,569,580,642
2.685,668,568,580,642
2.6875,668,568,580,642
2.69,668,569,580,642
2.6925,668,569,580,642
2.695,668,569,580,642
2.6975000000000002,668,568,580,642
2.7,668,569,580,642
2.7025,668,568,580,642
2.705,668,569,580,642
2.7075,668,568,580,642
2.71,668,568,580,642
2.7125,668,568,580,642
2.715,668,568,580,642
2.7175000000000002,668,568,580,642
2.72,668,568,580,642
2.7225,668,569,580,642
2.725,668,569,580,642
2.7275,668,568,580,642
2.73,668,568,580,642
2.7325,668,568,580,642
2.735,668,569,580,642
2.7375000000000003,668,569,580,642
2.74,668,569,580,642
2.7425,668,568,580,642
2.745,668,568,580,642
2.7475,668,568,580,642
2.75,668,568,580,642
2.7525,668,569,580,642
2.755,668,568,580,642
2.7575,668,569,580,642
2.7600000000000002,668,569,580,642
2.7625,668,569,580,642
2.765,668,568,580,642
2.7675,668,568,580,642
2.77,668,568,580,642
2.7725,668,568,580,642
2.775,668,568,580,642
2.7775,668,569,580,642
2.7800000000000002,668,568,580,642
2.7825,668,568,580,642
2.785,668,568,580,642
2.7875,668,568,580,642
2.79,668,568,580,642
2.7925,668,568,580,642
2.795,668,569,580,642
2.7975,668,569,580,642
2.8000000000000003,668,569,580,642
2.8025,668,568,580,642
2.805,668,569,580,642
2.8075,668,568,580,642
2.81,668,568,580,642
2.8125,668,569,580,642
2.815,668,569,580,642
2.8175,668,568,580,642
2.82,668,569,580,642
2.8225000000000002,668,569,580,642
2.825,668,569,580,642
2.8275,668,568,580,642
2.83,668,568,580,642
2.8325,668,568,580,642
2.835,668,569,580,642
2.8375,668,569,580,642
2.84,668,569,580,642
2.8425000000000002,668,569,580,643
2.845,668,568,580,642
2.8475,668,569,580,642
2.85,668,568,580,642
2.8525,668,568,580,642
2.855,668,568,580,642
2.8575,668,568,580,642
2.86,668,568,580,642
2.8625000000000003,668,568,580,642
2.865,668,569,580,642
2.8675,668,569,580,642
2.87,668,568,580,642
2.8725,668,568,580,642
2.875,668,568,580,642
2.8775,668,568,580,642
2.88,668,569,580,642
2.8825,668,569,580,642
2.8850000000000002,668,569,580,642
2.8875,668,568,580,642
2.89,668,569,580,642
2.8925,668,568,580,642
2.895,668,568,580,642
2.8975,668,569,580,642
2.9,668,568,580,642
2.9025,668,568,580,642
2.9050000000000002,663,568,580,642
2.9075,653,568,579,642
2.91,653,568,580,642
2.9125,655,568,580,642
2.915,649,567,579,642
2.9175,653,567,579,643
2.92,649,567,579,643
2.9225,644,567,578,642
2.9250000000000003,643,567,578,642
2.9275,642,567,578,642
2.93,642,567,577,641
2.9325,640,566,577,641
2.935,638,566,575,638
2.9375,637,565,575,638
2.94,638,566,577,639
2.9425,638,567,577,640
2.945,637,566,576,639
2.9475000000000002,638,566,576,639
2.95,639,567,578,641
2.9525,640,567,578,641
2.955,639,567,578,641
2.9575,638,567,578,640
2.96,637,566,577,640
2.9625,638,566,577,641
2.965,639,567,578,641
2.9675000000000002,638,566,578,641
2.97,638,566,578,641
2.9725,640,567,578,641
2.975,641,567,579,642
2.9775,639,567,578,641
2.98,639,567,578,641
2.9825,637,566,576,640
2.985,640,567,577,641
2.9875000000000003,640,567,578,641
2.99,640,567,577,641
2.9925,639,566,578,641
2.995,639,566,577,641
2.9975,640,566,578,641
3.0,639,566,577,641
3.0025,640,566,577,641
3.005,640,566,577,641
3.0075000000000003,640,566,577,641
3.0100000000000002,640,566,577,641
3.0125,640,566,577,641
3.015,640,567,577,641
3.0175,640,567,578,641
3.02,641,567,578,641
3.0225,641,567,578,641
3.025,641,567,578,641
3.0275,641,567,578,641
3.0300000000000002,641,567,577,641
3.0325,641,567,577,641
3.035,641,567,577,641
3.0375,640,567,575,637
3.04,640,565,568,625
3.0425,643,565,566,625
3.045,643,565,566,625
3.0475,643,565,566,624
3.0500000000000003,643,565,566,624
3.0525,643,565,565,624
3.055,644,565,563,624
3.0575,643,565,563,624
3.06,644,565,563,624
3.0625,644,565,562,624
3.065,644,565,562,624
3.0675,644,565,562,624
3.0700000000000003,644,565,562,624
3.0725000000000002,643,565,563,624
3.075,643,565,564,624
3.0775,642,565,564,624
3.08,642,566,565,624
3.0825,641,566,567,624
3.085,642,565,565,624
3.0875,643,565,564,624
3.09,643,565,562,624
3.0925000000000002,644,565,562,624
3.095,643,565,562,624
3.0975,643,565,562,624
3.1,642,565,563,623
3.1025,640,565,566,623
3.105,640,566,569,623
3.1075,638,565,565,622
3.11,638,565,563,622
3.1125000000000003,639,565,563,623
3.115,638,565,565,623
3.1175,637,565,564,622
3.12,638,564,563,622
3.1225,637,564,562,622
3.125,638,565,564,623
3.1275,638,566,571,623
3.13,637,566,570,622
3.1325000000000003,637,565,569,622
3.1350000000000002,637,565,568,622
3.1375,638,565,570,624
3.14,640,566,572,623
3.1425,638,565,567,623
3.145,637,565,568,623
3.1475,639,565,566,624
3.15,641,565,565,623
3.1525,640,565,565,623
3.1550000000000002,641,565,564,623
3.1575,640,565,565,623
3.16,638,565,569,623
3.1625,637,565,566,623
3.165,638,565,567,623
3.1675,637,564,564,623
3.17,638,565,565,623
3.1725,638,565,567,623
3.1750000000000003,638,565,566,623
3.1775,638,565,564,622
3.18,637,565,565,623
3.1825,638,565,570,624
3.185,638,566,572,625
3.1875,637,565,569,623
3.19,637,565,568,623
3.1925,638,565,566,624
3.1950000000000003,639,565,568,624
3.1975000000000002,639,565,569,624
3.2,639,565,568,624
3.2025,639,565,567,624
3.205,639,565,567,624
3.2075,640,565,566,624
3.21,641,565,566,624
3.2125,641,565,567,624
3.215,640,565,567,624
3.2175000000000002,641,565,567,623
3.22,640,565,567,623
3.2225,640,565,566,623
3.225,640,565,566,623
3.2275,639,565,566,623
3.23,639,565,565,624
3.2325,639,565,564,623
3.235,640,565,568,624
3.2375000000000003,643,567,575,635
3.24,643,567,577,640
3.2425,643,567,576,637
3.245,640,567,576,637
3.2475,640,567,576,637
3.25,640,566,573,628
3.2525,640,566,573,628
3.255,640,566,573,626
3.2575000000000003,641,566,573,626
3.2600000000000002,639,566,573,626
3.2625,639,566,573,627
3.265,639,566,573,627
3.2675,638,566,573,627
3.27,640,566,574,630
3.2725,640,566,574,630
3.275,640,566,573,629
3.2775,639,566,573,628
3.2800000000000002,639,566,572,626
3.2825,640,566,572,625
3.285,639,566,572,627
3.2875,640,566,572,627
3.29,639,566,572,627
3.2925,639,566,572,626
3.295,640,566,572,627
3.2975,639,566,572,628
3.3000000000000003,641,566,573,628
3.3025,640,565,570,625
3.305,641,566,570,625
3.3075,641,566,571,625
3.31,641,566,570,625
3.3125,641,566,570,624
3.315,641,566,570,624
3.3175,641,566,570,624
3.3200000000000003,640,565,568,624
3.3225000000000002,642,565,567,624
3.325,642,566,567,624
3.3275,642,566,568,624
3.33,640,566,569,624
3.3325,639,566,569,624
3.335,639,565,570,624
3.3375,639,566,571,626
3.34,637,566,571,624
3.3425000000000002,638,566,570,624
3.345,638,566,571,624
3.3475,639,566,570,624
3.35,640,565,568,624
3.3525,640,565,568,624
3.355,640,566,569,624
3.3575,640,566,570,624
3.36,639,565,570,624
3.3625000000000003,639,566,569,624
3.365,639,565,570,624
3.3675,639,566,570,624
3.37,642,566,572,625
3.3725,638,566,570,623
3.375,639,565,568,624
3.3775,640,565,568,624
3.38,640,565,567,624
3.3825000000000003,640,566,570,624
3.3850000000000002,639,565,569,624
3.3875,639,565,569,624
3.39,640,566,570,624
3.3925,640,565,570,624
3.395,640,566,570,624
3.3975,640,566,570,624
3.4,640,566,570,624
3.4025,640,566,570,623
3.4050000000000002,640,566,570,623
3.4075,639,565,567,624
3.41,640,565,568,624
3.4125,642,566,570,625
3.415,643,566,572,628
3.4175,644,567,574,633
3.42,640,566,573,630
3.4225,640,566,573,634
3.4250000000000003,641,567,577,639
3.4275,643,567,579,642
3.43,640,567,576,640
3.4325,639,567,577,639
3.435,640,567,577,639
3.4375,639,567,576,638
3.44,640,567,576,638
3.4425,640,567,576,638
3.4450000000000003,640,566,576,639
3.4475000000000002,640,567,576,640
3.45,642,567,577,640
3.4525,640,567,576,639
3.455,640,567,576,638
3.4575,640,567,576,639
3.46,640,567,576,638
3.4625,640,567,576,638
3.465,640,566,575,638
3.4675000000000002,640,566,575,638
3.47,640,567,575,637
3.4725,640,567,575,638
3.475,639,567,576,638
3.4775,639,566,576,637
3.48,639,566,575,637
3.4825,641,567,577,640
3.485,640,567,577,639
3.4875000000000003,640,567,577,639
3.49,639,567,576,639
3.4925,640,567,576,639
3.495,640,567,577,640
3.4975,640,567,577,640
3.5,640,567,577,640
3.5025,640,567,577,639
3.505,640,567,577,640
3.5075000000000003,640,567,577,640
3.5100000000000002,640,567,576,639
3.5125,639,566,576,637
3.515,639,566,576,638
3.5175,639,566,576,637
3.52,638,566,576,637
3.5225,638,566,575,635
3.525,637,566,574,630
3.5275,638,566,575,632
3.5300000000000002,636,565,574,627
3.5325,638,566,575,627
3.535,637,566,573,627
3.5375,637,566,574,631
3.54,637,566,574,627
3.5425,636,565,571,623
3.545,637,565,573,627
3.5475,637,566,575,631
3.5500000000000003,636,565,570,622
3.5525,636,565,570,623
3.555,636,565,569,623
3.5575,638,566,572,623
3.56,637,565,571,622
3.5625,637,565,568,622
3.565,636,565,567,621
3.5675,638,565,571,625
3.5700000000000003,638,566,575,630
3.5725000000000002,637,565,571,623
3.575,638,566,573,626
3.5775,636,565,572,625
3.58,640,566,575,634
3.5825,637,566,573,626
3.585,638,566,573,628
3.5875,637,565,571,624
3.59,638,565,571,626
3.5925000000000002,637,565,571,624
3.595,640,566,574,630
3.5975,638,566,573,626
3.6,637,565,572,624
3.6025,637,566,572,624
3.605,638,565,569,623
3.6075,639,565,568,624
3.61,638,565,568,623
3.6125000000000003,640,566,570,624
3.615,638,565,567,623
3.6175,639,565,567,623
3.62,639,565,567,623
3.6225,640,566,571,624
3.625,637,565,566,623
3.6275,639,565,566,623
3.63,638,565,565,623
3.6325000000000003,640,565,567,623
3.6350000000000002,639,565,566,623
3.6375,639,565,564,623
3.64,639,565,564,622
3.6425,640,566,570,630
3.645,641,566,573,627
3.6475,639,566,572,623
3.65,640,566,573,626
3.6525,637,565,570,623
3.6550000000000002,641,566,571,625
3.6575,637,565,569,625
3.66,642,566,573,628
3.6625,638,566,572,625
3.665,637,566,572,625
3.6675,638,565,571,624
3.67,637,565,568,624
3.6725,638,565,567,624
3.6750000000000003,638,565,569,624
3.6775,638,565,569,624
3.68,639,565,568,623
3.6825,638,565,568,623
3.685,637,565,566,623
3.6875,638,565,569,624
3.69,637,565,568,623
3.6925,637,565,567,623
3.6950000000000003,637,565,567,624
3.6975000000000002,637,565,566,623
3.7,637,565,567,623
3.7025,637,565,566,623
3.705,638,565,566,623
3.7075,638,565,566,623
3.71,638,565,568,623
3.7125,637,565,567,622
3.715,639,565,564,622
3.7175000000000002,638,565,566,623
3.72,643,567,574,630
3.7225,640,566,574,629
3.725,638,566,572,624
3.7275,639,566,574,626
3.73,637,565,569,623
3.7325,640,566,571,625
3.735,639,565,567,624
3.7375000000000003,643,566,566,624
3.74,641,565,565,624
3.7425,642,566,569,624
3.745,640,565,564,623
3.7475,640,565,567,623
3.75,639,565,565,622
3.7525,642,566,569,624
3.755,639,565,564,623
3.7575000000000003,641,565,566,623
3.7600000000000002,642,566,568,623
3.7625,639,565,563,623
3.765,642,565,565,623
3.7675,642,566,568,624
3.77,641,566,567,623
3.7725,640,565,566,622
3.775,641,565,565,623
3.7775,643,565,563,623
3.7800000000000002,643,565,562,623
3.7825,643,565,562,623
3.785,643,565,562,623
3.7875,643,567,570,623
3.79,644,566,566,622
3.7925,642,566,565,623
3.795,641,565,564,622
3.7975,643,565,566,623
3.8000000000000003,644,566,568,624
3.8025,643,566,567,623
3.805,643,566,569,623
3.8075,641,565,566,622
3.81,642,566,568,624
3.8125,642,566,570,624
3.815,640,566,568,624
3.8175,641,566,568,624
3.8200000000000003,639,566,570,626
3.8225000000000002,639,566,571,630
3.825,640,566,575,636
3.8275,639,566,575,634
3.83,638,566,574,632
3.8325,638,566,574,632
3.835,639,566,574,631
3.8375,637,566,573,627
3.84,637,566,573,627
3.8425000000000002,637,566,573,628
3.845,638,566,573,626
3.8475,637,565,572,625
3.85,637,566,572,627
3.8525,637,565,572,626
3.855,637,566,572,625
3.8575,637,565,571,625
3.86,637,565,571,625
3.8625000000000003,637,565,571,624
3.865,637,565,572,625
3.8675,637,565,572,624
3.87,637,565,572,624
3.8725,637,566,573,626
3.875,637,566,572,625
3.8775,637,565,569,623
3.88,637,565,570,624
3.8825000000000003,637,565,571,625
3.8850000000000002,637,565,571,623
3.8875,637,565,568,623
3.89,637,565,568,623
3.8925,637,565,569,624
3.895,637,566,574,627
3.8975,637,565,570,623
3.9,637,565,571,624
3.9025000000000003,636,565,568,623
3.9050000000000002,637,565,571,625
3.9075,636,566,574,633
3.91,636,565,573,627
3.9125,636,565,572,625
3.915,635,565,573,630
3.9175,637,566,575,632
3.92,635,565,572,623
3.9225,637,565,572,624
3.9250000000000003,635,565,570,623
3.9275,637,566,572,626
3.93,635,565,572,627
3.9325,637,565,571,623
3.935,636,565,571,623
3.9375,636,565,571,624
3.94,639,566,575,626
3.9425,637,565,570,624
3.9450000000000003,637,565,570,624
3.9475000000000002,636,565,568,623
3.95,638,566,570,625
3.9525,637,565,572,625
3.955,637,565,568,623
3.9575,636,565,570,623
3.96,636,565,567,623
3.9625,637,565,571,624
3.9650000000000003,636,564,569,623
3.9675000000000002,637,565,569,622
3.97,635,565,568,623
3.9725,637,566,573,637
3.975,636,565,573,627
3.9775,636,565,572,623
3.98,636,565,572,625
3.9825,636,565,572,625
3.985,641,567,577,638
3.9875000000000003,636,565,573,625
3.99,638,566,572,625
3.9925,635,565,570,623
3.995,638,566,572,625
3.9975,637,566,573,630
4.0,637,566,574,630
4.0025,638,566,573,625
4.005,636,565,572,625
4.0075,637,566,572,624
4.01,638,566,573,628
4.0125,636,565,572,625
4.015,637,565,570,623
4.0175,636,565,570,623
4.0200000000000005,636,565,570,623
4.0225,636,564,568,623
4.025,636,565,568,623
4.0275,636,564,569,623
4.03,638,566,575,634
4.0325,636,566,575,631
4.035,637,566,574,627
4.0375,636,566,574,627
4.04,635,565,572,625
4.0425,638,566,573,626
4.045,637,565,571,623
4.0475,637,565,570,622
4.05,636,565,568,622
4.0525,637,566,571,624
4.055,638,566,572,625
4.0575,637,565,572,624
4.0600000000000005,637,565,572,624
4.0625,636,565,572,626
4.065,636,565,571,626
4.0675,639,566,574,633
4.07,638,566,575,633
4.0725,637,565,573,626
4.075,636,565,573,626
4.0775,636,565,573,626
4.08,637,565,572,625
4.0825000000000005,637,566,572,626
4.085,637,565,572,626
4.0875,639,566,574,638
4.09,640,567,576,637
4.0925,639,567,575,634
4.095,638,566,575,631
4.0975,636,566,573,627
4.1,637,566,573,627
4.1025,638,566,573,629
4.105,638,566,572,627
4.1075,637,565,571,625
4.11,636,565,572,625
4.1125,636,565,572,625
4.115,637,565,572,626
4.1175,636,565,572,625
4.12,637,565,572,625
4.1225000000000005,637,565,572,625
4.125,636,565,570,623
4.1275,636,565,570,624
4.13,636,565,572,625
4.1325,637,566,573,628
4.135,636,566,573,627
4.1375,636,565,573,625
4.14,636,565,571,624
4.1425,637,565,572,625
4.1450000000000005,636,565,572,624
4.1475,636,565,572,625
4.15,636,565,572,623
4.1525,636,565,571,623
4.155,637,565,571,623
4.1575,637,565,571,623
4.16,638,565,571,622
4.1625,637,565,570,622
4.165,637,566,571,624
4.1675,637,566,572,623
4.17,637,565,569,622
4.1725,637,565,569,622
4.175,637,565,569,623
4.1775,639,566,571,623
4.18,637,565,569,622
4.1825,637,565,569,622
4.1850000000000005,636,565,567,622
4.1875,637,566,570,624
4.19,637,565,569,623
4.1925,638,565,568,623
4.195,637,565,570,623
4.1975,637,565,568,623
4.2,637,565,570,623
4.2025,637,565,568,623
4.205,638,565,568,623
4.2075000000000005,637,565,567,623
4.21,638,565,567,623
4.2125,639,565,570,623
4.215,639,565,566,623
4.2175,638,565,567,623
4.22,639,565,566,623
4.2225,641,566,570,623
4.225,639,565,566,623
4.2275,639,565,567,623
4.23,638,565,565,622
4.2325,639,565,566,622
4.235,638,565,566,622
4.2375,639,565,565,622
4.24,638,565,564,622
4.2425,639,565,565,622
4.245,638,565,566,622
4.2475000000000005,638,565,566,622
4.25,638,565,565,622
4.2525,638,565,565,622
4.255,638,565,567,623
4.2575,638,565,565,622
4.26,638,565,565,622
4.2625,637,564,564,622
4.265,639,565,566,622
4.2675,639,565,566,623
4.2700000000000005,639,565,565,623
4.2725,638,565,565,622
4.275,639,565,565,623
4.2775,639,565,566,622
4.28,640,565,564,622
4.2825,640,565,564,622
4.285,640,565,563,622
4.2875000000000005,640,565,564,622
4.29,640,565,567,621
4.2925,640,565,565,622
4.295,638,565,564,621
4.2975,640,565,564,622
4.3,639,565,568,622
4.3025,639,565,564,621
4.305,639,565,566,621
4.3075,638,565,562,621
4.3100000000000005,639,565,565,623
4.3125,642,565,566,624
4.315,644,567,572,624
4.3175,642,566,570,624
4.32,639,566,571,625
4.3225,643,567,572,628
4.325,644,567,575,639
4.3275,647,567,577,641
4.33,643,567,576,640
4.3325000000000005,643,567,576,639
4.335,641,567,576,638
4.3375,640,567,575,637
4.34,640,566,575,637
4.3425,639,566,575,637
4.345,639,566,575,636
4.3475,639,566,575,635
4.3500000000000005,639,566,575,636
4.3525,639,566,575,636
4.355,638,566,574,634
4.3575,638,566,574,634
4.36,638,566,575,634
4.3625,638,566,575,633
4.365,639,566,574,633
4.3675,638,566,574,632
4.37,639,566,574,633
4.3725000000000005,639,566,574,633
4.375,638,566,574,631
4.3775,638,566,574,632
4.38,638,566,573,629
4.3825,638,566,573,629
4.385,637,566,573,630
4.3875,637,566,573,629
4.39,637,566,574,631
4.3925,637,566,573,629
4.3950000000000005,636,565,571,625
4.3975,636,565,572,626
4.4,636,565,572,625
4.4025,636,565,571,624
4.405,636,565,573,627
4.4075,636,566,574,628
4.41,636,566,574,629
4.4125000000000005,635,565,573,628
4.415,636,566,573,629
4.4175,636,566,575,635
4.42,638,567,577,640
4.4225,639,567,577,639
4.425,637,566,576,635
4.4275,635,566,575,631
4.43,635,566,575,634
4.4325,639,567,577,640
4.4350000000000005,638,567,577,640
4.4375,638,566,576,639
4.44,636,566,576,638
4.4425,637,566,576,639
4.445,638,566,576,640
4.4475,637,566,576,640
4.45,637,566,576,640
4.4525,637,566,576,639
4.455,637,566,576,639
4.4575000000000005,637,566,576,639
4.46,640,567,577,641
4.4625,639,567,577,638
4.465,636,565,573,623
4.4675,636,566,573,625
4.47,637,566,573,625
4.4725,639,566,571,623
4.4750000000000005,638,566,570,623
4.4775,638,566,569,623
4.48,639,565,566,623
4.4825,641,566,569,625
4.485,644,566,568,624
4.4875,644,566,566,624
4.49,643,565,566,624
4.4925,643,565,563,624
4.495,645,566,564,625
4.4975000000000005,644,566,565,624
4.5,644,566,565,624
4.5025,643,565,564,623
4.505,643,565,565,623
4.5075,644,566,568,624
4.51,644,566,568,624
4.5125,644,566,567,624
4.515,643,566,567,624
4.5175,643,566,564,624
4.5200000000000005,643,566,565,624
4.5225,644,566,565,624
4.525,644,566,565,624
4.5275,646,566,564,625
4.53,646,567,563,625
4.5325,646,567,563,625
4.535,646,567,562,625
4.5375000000000005,647,566,562,625
4.54,646,566,563,626
4.5425,647,567,569,626
4.545,646,567,570,628
4.5475,645,567,567,626
4.55,645,567,568,626
4.5525,645,567,567,627
4.555,645,567,568,628
4.5575,646,567,570,636
4.5600000000000005,645,567,572,635
4.5625,642,566,572,632
4.565,640,566,571,628
4.5675,640,566,572,627
4.57,638,566,572,627
4.5725,638,566,571,625
4.575,639,566,572,627
4.5775,639,566,573,628
4.58,639,566,573,628
4.5825000000000005,639,566,572,627
4.585,639,566,572,626
4.5875,639,566,572,625
4.59,639,566,571,625
4.5925,639,566,571,625
4.595,639,566,570,625
4.5975,639,566,571,625
4.6000000000000005,638,566,571,625
4.6025,638,566,571,625
4.605,638,566,572,625
4.6075,638,566,571,625
4.61,638,566,572,625
4.6125,638,566,572,624
4.615,637,565,570,624
4.6175,638,565,568,624
4.62,637,565,569,623
4.6225000000000005,637,565,569,623
4.625,637,565,572,624
4.6275,637,565,571,624
4.63,636,565,569,623
4.6325,637,565,568,623
4.635,637,566,573,627
4.6375,636,565,573,626
4.64,636,565,572,625
4.6425,636,565,572,624
4.6450000000000005,636,565,572,624
4.6475,636,566,572,624
4.65,636,565,571,623
4.6525,636,565,569,623
4.655,636,565,570,623
4.6575,636,565,571,624
4.66,636,566,573,625
4.6625000000000005,636,565,572,623
4.665,636,565,570,622
4.6675,636,565,571,625
4.67,637,566,575,632
4.6725,638,566,575,631
4.675,636,566,574,627
4.6775,636,565,573,624
4.68,635,565,570,625
4.6825,636,565,575,632
4.6850000000000005,636,566,575,631
4.6875,636,566,574,629
4.69,634,565,572,626
4.6925,640,567,576,638
4.695,639,566,576,636
4.6975,637,565,573,625
4.7,638,566,573,625
4.7025,636,565,570,623
4.705,638,565,570,624
4.7075000000000005,637,566,571,624
4.71,638,565,570,623
4.7125,637,565,569,622
4.715,637,565,569,623
4.7175,641,566,572,624
4.72,637,565,569,622
4.7225,638,565,569,622
4.7250000000000005,637,565,566,623
4.7275,639,565,567,624
4.73,640,566,573,629
4.7325,639,566,573,625
4.735,637,566,572,624
4.7375,636,565,570,623
4.74,638,566,571,624
4.7425,637,565,571,625
4.745,638,566,571,625
4.7475000000000005,638,565,571,624
4.75,638,565,568,624
4.7525,638,566,571,624
4.755,639,566,571,624
4.7575,638,565,570,623
4.76,637,565,569,623
4.7625,639,565,569,623
4.765,639,566,569,623
4.7675,640,565,568,624
4.7700000000000005,640,566,568,623
4.7725,639,565,567,623
4.775,639,565,567,623
4.7775,641,566,571,634
4.78,640,566,570,623
4.7825,638,565,568,623
4.785,637,565,566,623
4.7875000000000005,639,565,565,623
4.79,639,565,566,623
4.7925,638,565,565,623
4.795,638,565,565,623
4.7975,637,565,565,623
4.8,642,566,574,627
4.8025,639,565,569,623
4.805,638,565,568,623
4.8075,637,565,568,622
4.8100000000000005,638,565,567,623
4.8125,643,566,571,623
4.815,638,565,564,623
4.8175,640,565,567,622
4.82,638,564,563,622
4.8225,639,565,565,622
4.825,638,565,567,622
4.8275,639,565,565,622
4.83,638,565,565,622
4.8325000000000005,638,565,563,622
4.835,639,565,565,622
4.8375,638,565,564,622
4.84,639,565,563,622
4.8425,638,565,563,622
4.845,639,565,568,623
4.8475,636,565,567,621
4.8500000000000005,637,565,567,622
4.8525,636,565,567,621
4.855,638,565,568,624
4.8575,639,566,571,623
4.86,637,565,567,622
4.8625,639,566,570,623
4.865,636,565,565,621
4.8675,638,565,564,623
4.87,638,565,567,623
4.8725000000000005,642,565,565,623
4.875,643,565,564,623
4.8775,642,565,563,623
4.88,643,565,564,624
4.8825,644,566,566,624
4.885,644,566,565,624
4.8875,644,565,563,624
4.89,644,565,563,624
4.8925,645,566,562,625
4.8950000000000005,646,566,561,626
4.8975,648,567,561,626
4.9,650,567,562,626
4.9025,648,566,562,625
4.905,648,566,561,625
4.9075,648,566,561,625
4.91,648,566,561,625
4.9125000000000005,648,566,561,625
4.915,646,566,562,625
4.9175,647,566,562,624
4.92,646,566,562,624
4.9225,647,567,562,624
4.925,647,566,562,624
4.9275,647,567,561,624
4.93,647,566,561,624
4.9325,646,566,561,624
4.9350000000000005,646,567,562,623
4.9375,645,566,562,623
4.94,644,566,562,623
4.9425,645,566,564,623
4.945,647,567,567,623
4.9475,646,566,565,623
4.95,645,566,564,623
4.9525,645,566,563,623
4.955,645,566,563,624
4.9575000000000005,645,566,564,623
4.96,645,566,563,623
4.9625,644,565,562,623
4.965,643,566,564,624
4.9675,643,566,569,625
4.97,644,567,572,625
4.9725,643,567,571,624
4.9750000000000005,642,566,569,624
4.9775,643,566,568,625
4.98,642,566,570,628
4.9825,643,567,573,637
4.985,643,567,573,638
4.9875,642,566,573,636
4.99,641,566,573,635
4.9925,639,566,572,631
4.995,638,566,572,629
4.9975000000000005,637,566,572,627
5.0,638,566,572,629
5.0025,639,566,573,631
5.005,638,566,573,631
5.0075,639,566,573,632
5.01,638,566,573,628
5.0125,637,566,573,628
5.015,637,566,572,628
5.0175,637,565,572,627
5.0200000000000005,637,566,572,627
5.0225,637,565,571,625
5.025,637,565,571,625
5.0275,637,565,570,625
5.03,637,565,571,625
5.0325,636,565,572,626
5.035,636,565,571,626
5.0375000000000005,636,565,573,627
5.04,636,566,573,628
5.0425,636,566,574,629
5.045,636,566,573,627
5.0475,635,565,572,624
5.05,635,565,571,623
5.0525,636,565,573,632
5.055,635,566,575,632
5.0575,635,566,573,626
5.0600000000000005,634,565,572,625
5.0625,634,565,570,623
5.065,637,566,574,629
5.0675,636,566,574,626
5.07,637,566,572,623
5.0725,636,565,572,622
5.075,636,565,572,622
5.0775,639,566,575,630
5.08,638,566,575,628
5.0825000000000005,638,566,573,625
5.085,637,566,573,625
5.0875,636,565,570,623
5.09,639,566,573,634
5.0925,640,566,574,626
5.095,639,566,571,623
5.0975,638,566,570,623
5.1000000000000005,638,565,569,623
5.1025,639,566,571,624
5.105,638,565,570,623
5.1075,638,565,568,623
5.11,638,565,567,623
5.1125,638,565,567,623
5.115,638,565,567,623
5.1175,638,565,566,623
5.12,638,565,566,623
5.1225000000000005,638,565,567,623
5.125,638,565,567,623
5.1275,637,565,566,623
5.13,637,565,567,622
5.1325,637,565,567,622
5.135,637,565,567,622
5.1375,637,565,567,622
5.14,637,565,566,622
5.1425,637,565,567,622
5.1450000000000005,637,565,571,622
5.1475,636,565,567,623
5.15,636,565,567,622
5.1525,636,565,567,622
5.155,639,566,573,625
5.1575,638,566,572,622
5.16,637,565,570,622
5.1625000000000005,636,565,570,621
5.165,637,565,565,622
5.1675,640,566,573,625
5.17,637,566,572,622
5.1725,637,565,570,622
5.175,636,565,569,622
5.1775,637,565,569,623
5.18,642,566,572,623
5.1825,638,565,567,622
5.1850000000000005,640,566,568,623
5.1875,638,565,563,622
5.19,640,564,562,622
5.1925,641,565,563,623
5.195,640,565,562,623
5.1975,640,564,562,622
5.2,639,564,562,622
5.2025,639,564,563,622
5.205,639,565,568,624
5.2075000000000005,641,566,573,628
5.21,641,566,573,627
5.2125,639,566,572,624
5.215,638,566,571,624
5.2175,641,566,571,625
5.22,641,566,571,624
5.2225,641,566,570,624
5.2250000000000005,641,566,570,624
5.2275,639,565,569,624
5.23,639,566,569,624
5.2325,641,566,573,627
5.235,639,566,572,624
5.2375,639,565,568,623
5.24,639,565,568,623
5.2425,640,565,568,623
5.245,641,566,568,624
5.2475000000000005,638,565,568,624
5.25,638,565,568,623
5.2525,638,565,569,624
5.255,638,566,571,624
5.2575,638,565,567,623
5.26,637,565,567,623
5.2625,637,565,567,623
5.265,637,565,566,623
5.2675,637,565,567,623
5.2700000000000005,637,565,567,623
5.2725,637,565,567,623
5.275,638,565,570,623
5.2775,637,565,568,623
5.28,637,565,567,623
5.2825,637,565,566,623
5.285,638,566,572,627
5.2875000000000005,637,566,573,625
5.29,637,565,571,622
5.2925,637,565,571,622
5.295,636,565,569,622
5.2975,640,566,573,623
5.3,637,565,568,622
5.3025,638,565,567,622
5.305,637,565,566,622
5.3075,639,566,573,623
5.3100000000000005,637,565,570,624
5.3125,636,565,571,622
5.315,636,565,570,622
5.3175,636,564,565,622
5.32,640,567,575,626
5.3225,637,565,569,623
5.325,637,565,569,623
5.3275,636,565,569,622
5.33,637,565,564,622
5.3325000000000005,637,565,566,623
5.335,638,565,566,623
5.3375,637,564,565,623
5.34,637,565,565,622
5.3425,637,565,565,623
5.345,637,565,565,623
5.3475,637,565,565,623
5.3500000000000005,637,564,565,623
5.3525,637,564,565,623
5.355,636,564,566,623
5.3575,636,565,571,631
5.36,636,566,575,632
5.3625,636,566,573,627
5.365,636,566,574,636
5.3675,634,566,574,629
5.37,635,566,574,628
5.3725000000000005,634,565,571,625
5.375,634,565,571,624
5.3775,636,565,574,635
5.38,639,567,575,630
5.3825,640,566,571,623
5.385,639,566,571,623
5.3875,637,565,568,622
5.39,640,566,567,624
5.3925,644,567,572,625
5.3950000000000005,644,566,571,624
5.3975,642,566,569,624
5.4,640,565,567,622
5.4025,642,565,565,623
5.405,643,565,565,624
5.4075,643,565,565,623
5.41,644,565,563,624
5.4125000000000005,643,565,563,623
5.415,644,565,564,623
5.4175,643,565,564,623
5.42,643,565,563,623
5.4225,643,565,562,623
5.425,644,565,564,623
5.4275,644,566,565,624
5.43,644,566,565,623
5.4325,643,566,565,624
5.4350000000000005,644,565,564,623
5.4375,644,566,564,624
5.44,644,565,563,623
5.4425,644,565,562,624
5.445,644,565,562,624
5.4475,645,566,563,624
5.45,645,566,565,624
5.4525,645,566,563,624
5.455,644,566,562,624
5.4575000000000005,645,566,562,624
5.46,645,566,562,625
5.4625,646,566,562,625
5.465,647,566,561,625
5.4675,648,566,562,625
5.47,650,567,563,625
5.4725,649,567,563,625
5.4750000000000005,648,566,562,625
5.4775,648,567,562,625
5.48,648,567,563,625
5.4825,648,567,563,624
5.485,647,567,563,624
5.4875,646,566,563,624
5.49,646,567,562,624
5.4925,645,566,562,624
5.495,645,566,562,624
5.4975000000000005,644,566,562,623
5.5,644,565,561,623
5.5025,644,566,562,624
5.505,643,566,566,623
5.5075,643,566,567,623
5.51,642,566,566,623
5.5125,642,566,567,623
5.515,643,566,568,624
5.5175,642,566,567,623
5.5200000000000005,641,565,565,623
5.5225,642,565,564,623
5.525,642,566,567,624
5.5275,642,565,565,623
5.53,642,566,566,623
5.5325,641,565,564,623
5.535,642,565,565,623
5.5375000000000005,642,566,570,623
5.54,641,566,567,622
5.5425,641,565,567,622
5.545,640,565,565,622
5.5475,642,567,571,623
5.55,642,566,572,624
5.5525,641,566,571,623
5.555,641,566,572,623
5.5575,639,566,567,622
5.5600000000000005,640,566,569,624
5.5625,639,566,568,624
5.565,640,566,570,623
5.5675,639,566,568,623
5.57,638,565,567,623
5.5725,641,567,575,632
5.575,640,566,573,625
5.5775,639,566,570,623
5.58,638,566,570,623
5.5825000000000005,639,566,570,624
5.585,639,566,570,623
5.5875,638,565,566,623
5.59,638,565,566,623
5.5925,638,565,566,623
5.595,638,566,572,626
5.5975,637,565,569,622
5.6000000000000005,639,565,568,623
5.6025,636,565,568,622
5.605,638,566,570,623
5.6075,638,565,568,623
5.61,638,565,569,622
5.6125,639,566,569,622
5.615,637,565,564,621
5.6175,639,565,568,623
5.62,640,566,573,625
5.6225000000000005,638,565,568,622
5.625,639,565,569,622
5.6275,636,565,566,621
5.63,639,565,563,623
5.6325,643,567,574,625
5.635,639,566,569,622
5.6375,639,565,567,622
5.64,637,565,566,621
5.6425,641,565,566,623
5.6450000000000005,642,565,564,623
5.6475,642,565,564,622
5.65,641,565,564,622
5.6525,641,565,563,623
5.655,642,566,566,623
5.6575,643,566,565,623
5.66,642,566,566,623
5.6625000000000005,641,565,562,623
5.665,642,565,566,624
5.6675,645,567,573,630
5.67,642,566,570,623
5.6725,643,566,569,623
5.675,640,566,568,624
5.6775,642,566,572,630
5.68,643,567,575,640
5.6825,645,567,577,641
5.6850000000000005,645,567,577,641
5.6875,644,567,577,641
5.69,644,567,577,641
5.6925,643,567,577,641
5.695,643,567,577,642
5.6975,642,567,577,642
5.7,642,567,577,641
5.7025,642,567,577,642
5.705,642,567,577,641
5.7075000000000005,641,567,577,641
5.71,641,567,577,641
5.7125,640,567,577,641
5.715,640,567,577,641
5.7175,640,566,577,641
5.72,639,567,577,641
5.7225,640,567,577,641
5.7250000000000005,640,567,577,641
5.7275,640,567,576,639
5.73,638,566,576,639
5.7325,638,566,576,639
5.735,638,566,575,639
5.7375,638,566,575,638
5.74,638,566,575,639
5.7425,638,566,575,639
5.745,638,566,576,639
5.7475000000000005,638,566,575,639
5.75,638,566,575,639
5.7525,638,566,575,639
5.755,638,566,576,639
5.7575,637,566,575,639
5.76,638,566,575,638
5.7625,637,566,575,637
5.765,637,566,575,636
5.7675,639,566,576,638
5.7700000000000005,638,566,575,637
5.7725,637,566,575,632
5.775,636,565,574,631
5.7775,636,566,575,635
5.78,637,566,575,635
5.7825,636,565,573,629
5.785,636,565,573,631
5.7875000000000005,636,565,573,631
5.79,637,566,575,635
5.7925,636,565,573,630
5.795,636,565,573,630
5.7975,636,565,572,629
5.8,636,565,572,627
5.8025,635,565,571,627
5.805,636,564,571,624
5.8075,636,565,573,632
5.8100000000000005,640,567,576,640
5.8125,644,567,575,628
5.815,641,566,572,625
5.8175,639,566,573,630
5.82,641,566,572,627
5.8225,643,566,571,626
5.825,642,566,571,625
5.8275,642,566,571,625
5.83,641,566,569,624
5.8325000000000005,642,566,569,624
5.835,642,566,569,624
5.8375,643,566,570,624
5.84,640,566,568,623
5.8425,641,566,568,624
5.845,643,566,568,624
5.8475,644,566,568,624
5.8500000000000005,644,566,568,624
5.8525,644,566,566,624
5.855,644,566,564,625
5.8575,644,566,563,625
5.86,644,566,563,625
5.8625,644,566,563,625
5.865,644,565,563,625
5.8675,644,566,563,624
5.87,644,566,563,624
5.8725000000000005,644,565,562,624
5.875,644,565,562,624
5.8775,643,566,566,624
5.88,643,566,570,625
5.8825,643,566,568,624
5.885,642,565,566,623
5.8875,642,566,566,624
5.89,643,566,570,625
5.8925,642,566,567,623
5.8950000000000005,642,565,564,623
5.8975,642,565,564,624
5.9,643,565,565,624
5.9025,642,565,565,623
5.905,642,566,571,630
5.9075,641,566,572,624
5.91,641,566,569,623
5.9125000000000005,641,566,571,625
5.915,641,566,571,624
5.9175,641,566,568,623
5.92,640,566,567,623
5.9225,641,566,568,623
5.925,642,566,567,624
5.9275,641,566,568,624
5.93,641,565,567,624
5.9325,642,566,567,624
5.9350000000000005,642,566,569,624
5.9375,642,566,568,624
5.94,642,566,568,624
5.9425,642,566,567,624
5.945,642,565,567,624
5.9475,641,565,567,624
5.95,641,566,568,624
5.9525,640,565,568,624
5.955,640,566,569,624
5.9575000000000005,640,566,569,624
5.96,640,566,568,624
5.9625,640,565,567,623
5.965,640,565,568,623
5.9675,639,565,569,623
5.97,639,566,572,624
5.9725,639,566,570,624
5.9750000000000005,639,566,571,624
5.9775,638,566,572,624
5.98,638,566,572,625
5.9825,638,566,572,624
5.985,638,566,572,624
5.9875,638,566,572,624
5.99,638,566,572,624
5.9925,638,566,572,624
5.995,638,565,571,623
5.9975000000000005,638,566,571,624
6.0,639,566,573,625
6.0025,639,566,572,625
6.005,638,566,572,626
6.0075,639,566,572,626
6.01,638,566,571,624
6.0125,639,566,572,626
6.015000000000001,639,566,572,626
6.0175,639,566,572,626
6.0200000000000005,639,566,572,625
6.0225,640,566,572,625
6.025,640,566,571,624
6.0275,640,566,570,624
6.03,640,566,570,624
6.0325,640,566,569,624
6.035,640,566,571,624
6.0375000000000005,639,566,572,624
6.04,639,566,570,624
6.0425,639,566,572,624
6.045,639,566,571,624
6.0475,640,566,571,624
6.05,639,565,570,624
6.0525,641,566,568,624
6.055,642,566,570,624
6.0575,642,566,570,624
6.0600000000000005,642,566,569,624
6.0625,644,566,571,627
6.065,643,566,571,624
6.0675,643,566,568,624
6.07,643,566,567,624
6.0725,644,566,567,624
6.075,644,566,567,624
6.077500000000001,643,566,569,624
6.08,645,567,575,638
6.0825000000000005,644,567,572,625
6.085,641,566,568,624
6.0875,642,566,568,624
6.09,643,566,568,624
6.0925,644,566,569,625
6.095,644,566,569,625
6.0975,644,566,568,625
6.1000000000000005,644,566,566,625
6.1025,644,566,566,624
6.105,644,566,567,624
6.1075,644,566,566,624
6.11,644,566,566,624
6.1125,644,566,566,624
6.115,644,566,566,624
6.1175,644,566,566,624
6.12,644,566,566,624
6.1225000000000005,644,566,566,624
6.125,644,566,565,624
6.1275,644,566,565,624
6.13,644,565,564,624
6.1325,644,565,563,624
6.135,644,566,565,624
6.1375,644,566,565,624
6.140000000000001,644,566,564,624
6.1425,644,566,563,624
6.1450000000000005,645,566,563,625
6.1475,646,566,564,625
6.15,646,566,564,625
6.1525,645,566,564,624
6.155,645,566,563,625
6.1575,645,566,564,625
6.16,645,566,564,624
6.1625000000000005,645,566,563,624
6.165,645,566,563,624
6.1675,645,566,563,624
6.17,646,566,563,624
6.1725,646,566,563,624
6.175,646,566,563,624
6.1775,647,567,563,625
6.18,647,567,563,625
6.1825,648,567,563,625
6.1850000000000005,648,567,562,625
6.1875,648,567,562,625
6.19,648,567,562,625
6.1925,650,567,563,625
6.195,651,567,563,625
6.1975,652,567,564,625
6.2,652,567,565,625
6.202500000000001,651,567,565,625
6.205,650,567,565,625
6.2075000000000005,649,567,565,625
6.21,649,567,565,625
6.2125,649,567,565,625
6.215,649,567,565,625
6.2175,649,567,564,625
6.22,648,567,564,625
6.2225,648,567,564,624
6.2250000000000005,648,567,565,624
6.2275,647,567,566,624
6.23,647,567,566,624
6.2325,645,566,565,623
6.235,645,567,565,623
6.2375,645,567,566,623
6.24,645,566,566,623
6.2425,645,566,565,623
6.245,645,567,566,623
6.2475000000000005,645,567,567,623
6.25,644,566,567,623
6.2525,644,566,567,623
6.255,642,566,566,623
6.2575,643,566,567,623
6.26,643,566,568,623
6.2625,642,566,567,623
6.265000000000001,642,566,565,623
6.2675,643,566,568,624
6.2700000000000005,644,567,569,624
6.2725,644,566,568,624
6.275,643,566,568,624
6.2775,643,566,567,624
6.28,644,566,568,624
6.2825,644,566,570,624
6.285,643,566,569,624
6.2875000000000005,643,566,568,624
6.29,642,566,569,624
6.2925,644,567,571,624
6.295,644,566,571,624
6.2975,643,566,569,624
6.3,642,566,567,623
6.3025,643,566,568,624
6.305,644,566,568,624
6.3075,643,566,568,624
6.3100000000000005,642,566,567,624
6.3125,643,566,567,624
6.315,643,566,569,624
6.3175,643,566,567,624
6.32,642,565,567,624
6.3225,642,566,568,624
6.325,643,566,569,624
6.327500000000001,643,566,568,624
6.33,643,566,568,624
6.3325000000000005,643,566,568,624
6.335,642,566,568,624
6.3375,642,566,568,624
6.34,641,566,568,624
6.3425,641,566,568,624
6.345,640,565,568,624
6.3475,639,566,569,623
6.3500000000000005,639,566,571,624
6.3525,638,566,571,623
6.355,639,565,569,623
6.3575,639,566,572,624
6.36,641,566,573,627
6.3625,644,567,573,627
6.365,641,566,570,623
6.3675,640,566,569,624
6.37,643,566,569,624
6.3725000000000005,641,566,570,624
6.375,642,566,568,624
6.3775,641,566,569,623
6.38,641,566,570,624
6.3825,643,566,571,624
6.385,640,566,568,624
6.3875,640,566,569,623
6.390000000000001,641,566,568,624
6.3925,642,566,567,624
6.3950000000000005,642,566,567,624
6.3975,643,566,567,624
6.4,642,565,566,624
6.4025,643,566,567,624
6.405,642,566,568,624
6.4075,642,566,568,624
6.41,642,566,567,624
6.4125000000000005,642,566,571,625
6.415,641,566,570,623
6.4175,641,565,567,624
6.42,641,565,567,624
6.4225,641,565,566,624
6.425,642,566,570,624
6.4275,641,566,571,623
6.43,640,566,567,623
6.4325,640,565,566,623
6.4350000000000005,643,566,567,624
6.4375,642,566,570,624
6.44,642,566,569,623
6.4425,640,565,567,623
6.445,640,565,565,623
6.4475,643,567,572,635
6.45,645,567,574,633
6.452500000000001,643,567,573,625
6.455,642,566,570,624
6.4575000000000005,641,566,568,624
6.46,644,566,568,625
6.4625,643,566,568,624
6.465,643,566,567,624
6.4675,640,565,567,623
6.47,641,565,566,624
6.4725,642,566,568,623
6.4750000000000005,641,565,567,623
6.4775,642,565,565,623
6.48,640,565,564,623
6.4825,641,565,567,623
6.485,640,566,570,623
6.4875,639,565,567,623
6.49,638,565,567,623
6.4925,639,565,566,623
6.495,640,565,566,623
6.4975000000000005,640,565,566,623
6.5,642,565,564,623
6.5025,641,565,564,623
6.505,643,566,565,623
6.5075,641,566,567,623
6.51,642,565,564,623
6.5125,642,565,563,623
6.515000000000001,643,565,563,623
6.5175,643,565,563,623
6.5200000000000005,642,565,565,623
6.5225,644,567,571,624
6.525,644,567,571,627
6.5275,644,567,571,626
6.53,642,566,568,624
6.5325,642,566,569,625
6.535,642,566,570,625
6.5375000000000005,642,566,568,624
6.54,641,566,569,624
6.5425,640,566,570,624
6.545,640,566,570,624
6.5475,639,566,569,624
6.55,639,566,570,623
6.5525,639,566,570,624
6.555,639,565,569,623
6.5575,639,566,568,624
6.5600000000000005,639,565,567,624
6.5625,639,566,570,623
6.565,638,566,570,624
6.5675,638,565,569,623
6.57,638,565,568,624
6.5725,638,565,569,623
6.575,638,565,568,623
6.577500000000001,638,565,567,624
6.58,638,565,567,623
6.5825000000000005,638,565,567,623
6.585,638,565,566,623
6.5875,638,565,565,623
6.59,639,565,565,623
6.5925,638,565,566,623
6.595,639,565,566,623
6.5975,639,565,567,623
6.6000000000000005,639,565,566,622
6.6025,640,565,566,622
6.605,640,565,566,622
6.6075,643,567,570,623
6.61,641,565,566,622
6.6125,640,565,564,623
6.615,642,565,563,623
6.6175,641,565,564,622
6.62,640,566,569,623
6.6225000000000005,638,565,567,621
6.625,638,565,565,622
6.6275,639,565,564,623
6.63,639,565,563,622
6.6325,639,565,563,622
6.635,638,565,566,622
6.6375,639,566,572,624
6.640000000000001,639,566,572,624
6.6425,638,566,571,623
6.6450000000000005,638,566,571,624
6.6475,637,565,568,623
6.65,639,566,573,626
6.6525,637,565,569,623
6.655,638,565,567,623
6.6575,637,565,567,623
6.66,638,565,566,623
6.6625000000000005,638,566,572,625
6.665,639,566,572,623
6.6675,639,566,570,623
6.67,638,565,569,623
6.6725,643,566,571,629
6.675,644,567,573,626
6.6775,641,566,569,623
6.68,641,566,569,623
6.6825,640,565,566,623
6.6850000000000005,643,565,566,624
6.6875,644,565,565,624
6.69,644,566,564,624
6.6925,643,565,563,624
6.695,645,566,564,624
6.6975,646,567,568,625
6.7,645,566,567,625
6.702500000000001,643,566,567,624
6.705,643,565,564,624
6.7075000000000005,644,566,563,624
6.71,644,566,565,624
6.7125,644,565,564,624
6.715,643,565,563,624
6.7175,644,565,563,624
6.72,645,566,566,625
6.7225,644,566,566,624
6.7250000000000005,644,566,566,624
6.7275,642,566,565,624
6.73,643,566,567,625
6.7325,644,566,570,624
6.735,641,566,567,623
6.7375,641,566,567,623
6.74,642,565,565,624
6.7425,640,565,569,624
6.745,639,566,570,623
6.7475000000000005,638,565,568,623
6.75,638,565,568,623
6.7525,640,566,572,625
6.755,638,565,569,623
6.7575,638,565,568,623
6.76,638,565,568,623
6.7625,638,565,566,623
6.765000000000001,638,565,570,623
6.7675,638,565,569,623
6.7700000000000005,638,565,568,623
6.7725,637,565,567,623
6.775,638,565,568,623
6.7775,637,565,567,623
6.78,638,566,570,623
6.7825,637,565,570,623
6.785,637,566,573,627
6.7875000000000005,637,566,574,630
6.79,637,565,571,623
6.7925,637,565,569,623
6.795,637,565,569,623
6.7975,637,566,572,624
6.8,637,565,571,623
6.8025,637,565,567,623
6.805,637,565,567,623
6.8075,639,565,566,623
6.8100000000000005,637,565,567,623
6.8125,638,565,567,623
6.815,637,565,568,623
6.8175,638,565,568,624
6.82,639,566,572,626
6.8225,638,566,571,624
6.825,638,565,570,623
6.827500000000001,638,565,569,623
6.83,639,566,569,623
6.8325000000000005,641,566,570,625
6.835,640,566,569,623
6.8375,640,565,567,623
6.84,641,565,567,623
6.8425,640,565,567,623
6.845,640,565,567,623
6.8475,639,565,567,623
6.8500000000000005,639,565,567,623
6.8525,640,566,573,625
6.855,637,565,570,623
6.8575,638,565,570,623
6.86,637,565,569,623
6.8625,638,565,568,623
6.865,641,567,573,628
6.8675,637,565,569,623
6.87,639,566,569,623
6.8725000000000005,638,565,567,623
6.875,640,565,565,623
6.8775,639,565,565,623
6.88,639,565,564,623
6.8825,639,565,564,623
6.885,640,565,567,623
6.8875,643,566,570,624
6.890000000000001,639,565,568,623
6.8925,642,566,569,623
6.8950000000000005,638,565,566,623
6.8975,641,565,567,623
6.9,640,565,567,623
6.9025,641,565,567,623
6.905,640,565,567,623
6.9075,642,566,569,624
6.91,641,565,566,623
6.9125000000000005,641,565,565,623
6.915,641,565,564,623
6.9175,642,565,563,623
6.92,642,565,565,623
6.9225,641,565,564,623
6.925,642,565,563,623
6.9275,642,565,563,623
6.93,642,566,570,634
6.9325,643,566,571,623
6.9350000000000005,642,566,570,623
6.9375,641,566,568,623
6.94,641,566,567,623
6.9425,643,566,569,623
6.945,642,566,567,623
6.9475,641,566,567,623
6.95,641,565,564,623
6.952500000000001,643,565,565,623
6.955,643,566,567,623
6.9575000000000005,642,565,566,623
6.96,642,565,565,622
6.9625,643,565,565,623
6.965,644,566,568,623
6.9675,643,565,565,622
6.97,643,566,567,623
6.9725,643,565,562,623
6.9750000000000005,644,566,567,624
6.9775,643,566,567,623
6.98,642,566,566,623
6.9825,641,565,565,623
6.985,642,565,564,623
6.9875,642,566,566,623
6.99,641,565,565,622
6.9925,641,565,565,623
6.995,642,565,565,623
6.9975000000000005,642,566,566,623
7.0,642,565,564,623
7.0025,642,566,566,623
7.005,642,565,564,623
7.0075,643,566,569,623
7.01,641,565,564,623
7.0125,641,566,566,623
7.015000000000001,642,565,563,623
7.0175,643,565,564,623
7.0200000000000005,642,565,564,623
7.0225,642,565,564,623
7.025,642,565,564,623
7.0275,643,565,564,623
7.03,642,565,565,623
7.0325,641,565,565,623
7.035,641,565,564,623
7.0375000000000005,642,565,565,623
7.04,643,566,569,624
7.0425,641,565,565,623
7.045,641,566,567,623
7.0475,640,565,563,623
7.05,643,565,562,623
7.0525,642,565,563,623
7.055,642,565,563,623
7.0575,641,565,563,623
7.0600000000000005,642,565,563,623
7.0625,643,565,563,623
7.065,642,565,563,623
7.0675,642,565,564,623
7.07,643,565,562,623
7.0725,643,565,563,623
7.075,643,565,563,623
7.077500000000001,642,565,564,623
7.08,642,565,562,623
7.0825000000000005,643,565,562,623
7.085,643,565,563,623
7.0875,642,565,564,623
7.09,642,565,563,623
7.0925,643,565,563,623
7.095,643,565,563,623
7.0975,643,565,563,623
7.1000000000000005,642,565,564,623
7.1025,642,565,563,623
7.105,643,565,563,623
7.1075,643,565,563,623
7.11,643,565,563,623
7.1125,643,565,563,623
7.115,643,565,563,623
7.1175,643,565,563,623
7.12,643,565,563,623
7.1225000000000005,642,565,563,623
7.125,643,565,563,623
7.1275,643,565,563,623
7.13,643,565,563,623
7.1325,643,565,563,623
7.135,643,565,563,623
7.1375,643,565,563,623
7.140000000000001,643,565,563,623
7.1425,643,565,563,623
7.1450000000000005,643,565,563,623
7.1475,643,565,563,623
7.15,643,565,563,623
7.1525,643,565,562,623
7.155,643,565,562,623
7.1575,643,565,562,623
7.16,643,565,562,623
7.1625000000000005,643,565,562,623
7.165,643,565,562,623
7.1675,643,565,562,623
7.17,643,565,562,623
7.1725,643,565,562,623
7.175,643,565,562,623
7.1775,643,565,562,623
7.18,643,565,562,623
7.1825,643,565,562,623
7.1850000000000005,643,565,562,623
7.1875,643,565,562,623
7.19,643,565,562,623
7.1925,643,565,562,623
7.195,643,565,562,623
7.1975,643,565,562,623
7.2,643,565,562,623
7.202500000000001,643,565,562,623
7.205,643,565,562,623
7.2075000000000005,643,565,562,623
7.21,643,565,562,623
7.2125,643,565,562,623
7.215,643,565,562,623
7.2175,643,565,562,623
7.22,643,565,562,623
7.2225,643,565,562,623
7.2250000000000005,643,565,562,623
7.2275,643,565,562,623
7.23,643,565,562,623
7.2325,643,565,562,623
7.235,643,565,562,623
7.2375,643,565,562,623
7.24,643,565,562,623
7.2425,643,565,562,623
7.245,643,565,562,623
7.2475000000000005,643,565,562,623
7.25,643,565,562,623
7.2525,643,565,563,623
7.255,643,565,562,623
7.2575,643,565,562,623
7.26,643,565,563,623
7.2625,643,565,562,623
7.265000000000001,643,565,563,623
7.2675,643,565,563,623
7.2700000000000005,643,565,562,623
7.2725,643,565,563,623
7.275,643,565,562,623
7.2775,643,565,563,623
7.28,643,565,562,623
7.2825,643,565,562,623
7.285,643,565,563,623
7.2875000000000005,643,565,563,623
7.29,643,565,562,623
7.2925,643,565,563,623
7.295,643,565,563,623
7.2975,643,565,563,623
7.3,643,565,563,623
7.3025,643,565,563,623
7.305,643,565,563,623
7.3075,643,565,563,623
7.3100000000000005,643,565,563,623
7.3125,643,565,563,623
7.315,643,565,563,623
7.3175,643,565,563,623
7.32,643,565,563,623
7.3225,643,565,563,623
7.325,643,565,563,623
7.327500000000001,643,565,563,623
7.33,643,565,563,623
7.3325000000000005,643,565,563,623
7.335,643,565,563,623
7.3375,643,565,563,623
7.34,643,565,563,623
7.3425,643,565,563,623
7.345,643,565,563,623
7.3475,643,565,563,623
7.3500000000000005,643,565,563,623
7.3525,643,565,563,623
7.355,643,565,563,623
7.3575,643,565,563,623
7.36,643,565,563,623
7.3625,643,565,563,623
7.365,643,565,563,623
7.3675,643,565,563,623
7.37,643,565,563,623
7.3725000000000005,643,565,563,623
7.375,643,565,563,623
7.3775,643,565,563,623
7.38,643,565,563,623
7.3825,643,565,563,623
7.385,643,565,564,623
7.3875,643,565,563,623
7.390000000000001,643,565,563,623
7.3925,643,565,563,623
7.3950000000000005,643,565,563,623
7.3975,643,565,564,623
7.4,643,565,564,623
7.4025,643,565,564,623
7.405,643,565,564,623
7.4075,642,565,565,623
7.41,642,565,566,623
7.4125000000000005,642,566,567,623
7.415,642,566,567,623
7.4175,642,566,567,624
7.42,643,566,568,624
7.4225,643,566,569,624
7.425,644,566,570,624
7.4275,644,566,570,624
7.43,644,567,571,624
7.4325,644,567,571,625
7.4350000000000005,645,567,572,626
7.4375,644,567,572,626
7.44,644,567,573,626
7.4425,644,567,573,627
7.445,644,567,573,627
7.4475,644,567,573,627
7.45,644,567,573,627
7.452500000000001,644,567,573,627
7.455,644,567,573,627
7.4575000000000005,644,567,573,627
7.46,644,567,573,627
7.4625,644,567,573,627
7.465,644,567,573,627
7.4675,644,567,573,628
7.47,644,567,573,628
7.4725,644,567,573,628
7.4750000000000005,644,567,573,628
7.4775,644,567,573,628
7.48,644,567,573,628
7.4825,644,567,573,628
7.485,644,567,573,628
7.4875,644,567,573,628
7.49,644,567,573,628
7.4925,644,567,573,628
7.495,644,567,573,628
7.4975000000000005,644,567,573,629
7.5,644,567,573,629
7.5025,644,567,573,629
7.505,644,567,573,629
7.5075,644,567,573,629
7.51,644,567,573,629
7.5125,644,567,573,629
7.515000000000001,644,567,573,629
7.5175,644,567,573,629
7.5200000000000005,644,567,573,629
7.5225,644,567,573,629
7.525,644,567,573,629
7.5275,644,567,573,629
7.53,644,567,573,629
7.5325,644,567,573,630
7.535,644,567,573,630
7.5375000000000005,644,567,573,630
7.54,644,567,573,631
7.5425,644,567,574,631
7.545,644,567,574,631
7.5475,645,567,574,631
7.55,645,567,574,632
7.5525,645,567,574,632
7.555,645,567,574,632
7.5575,645,567,574,633
7.5600000000000005,645,567,574,632
7.5625,645,567,574,633
7.565,645,567,574,633
7.5675,645,567,574,633
7.57,645,567,574,633
7.5725,645,567,574,633
7.575,645,567,574,633
7.577500000000001,645,567,574,633
7.58,645,567,574,633
7.5825000000000005,645,567,574,633
7.585,645,567,574,633
7.5875,645,567,574,633
7.59,645,567,574,633
7.5925,645,567,574,633
7.595,645,567,574,633
7.5975,645,567,574,634
7.6000000000000005,645,567,574,634
7.6025,645,567,574,634
7.605,646,567,574,634
7.6075,645,567,574,634
7.61,646,567,574,635
7.6125,646,567,574,635
7.615,646,567,574,635
7.6175,646,567,575,635
7.62,646,567,575,635
7.6225000000000005,646,567,574,635
7.625,646,567,574,635
7.6275,646,567,574,635
7.63,646,567,575,635
7.6325,646,567,574,635
7.635,646,567,574,635
7.6375,646,567,575,635
7.640000000000001,646,567,574,635
7.6425,646,567,574,635
7.6450000000000005,646,567,574,635
7.6475,646,567,575,635
7.65,646,567,575,635
7.6525,646,567,575,635
7.655,646,567,574,635
7.6575,646,567,575,635
7.66,646,567,574,635
7.6625000000000005,646,567,574,635
7.665,646,567,575,635
7.6675,646,567,575,635
7.67,646,567,575,635
7.6725,646,567,575,636
7.675,646,567,575,635
7.6775,646,567,575,636
7.68,646,567,575,636
7.6825,646,567,575,636
7.6850000000000005,646,567,575,636
7.6875,646,567,575,636
7.69,646,567,575,636
7.6925,646,567,575,636
7.695,646,567,575,636
7.6975,646,567,575,636
7.7,646,567,575,636
7.702500000000001,646,567,575,636
7.705,646,567,575,636
7.7075000000000005,646,567,575,636
7.71,646,567,575,636
7.7125,646,567,575,636
7.715,646,567,575,636
7.7175,646,567,575,636
7.72,646,567,575,636
7.7225,646,567,575,636
7.7250000000000005,646,567,575,636
7.7275,646,567,575,636
7.73,646,567,575,636
7.7325,646,567,575,636
7.735,646,567,575,636
7.7375,646,567,575,636
7.74,646,567,575,636
7.742500000000001,646,567,575,636
7.745,646,567,575,636
7.7475000000000005,646,567,575,636
7.75,646,567,575,636
7.7525,646,567,575,636
7.755,646,567,575,636
7.7575,646,567,575,636
7.76,646,567,575,636
7.7625,646,567,575,636
7.765000000000001,646,567,575,636
7.7675,646,567,575,636
7.7700000000000005,646,567,575,636
7.7725,646,567,575,636
7.775,646,567,575,636
7.7775,646,567,575,636
7.78,646,567,575,636
7.7825,646,567,575,636
7.785,646,567,575,636
7.7875000000000005,646,567,575,636
7.79,646,567,575,636
7.7925,646,567,575,636
7.795,646,567,575,636
7.7975,646,567,575,636
7.8,646,567,575,636
7.8025,646,567,575,636
7.805000000000001,646,567,575,636
7.8075,646,567,575,636
7.8100000000000005,646,567,575,636
7.8125,646,567,575,636
7.815,646,567,575,636
7.8175,646,567,575,636
7.82,646,568,575,636
7.8225,646,567,575,636
7.825,646,567,575,636
7.827500000000001,646,568,575,636
7.83,646,567,575,636
7.8325000000000005,646,567,575,636
7.835,646,567,575,636
7.8375,646,567,575,636
7.84,646,567,575,636
7.8425,646,567,575,636
7.845,646,568,575,636
7.8475,646,567,575,636
7.8500000000000005,646,568,575,636
7.8525,646,567,575,636
7.855,646,567,575,636
7.8575,646,567,575,636
7.86,646,567,575,636
7.8625,646,567,575,636
7.865,646,568,575,636
7.867500000000001,646,567,575,636
7.87,646,567,575,636
7.8725000000000005,646,567,575,636
7.875,646,567,575,636
7.8775,646,567,575,636
7.88,646,567,575,636
7.8825,646,567,575,636
7.885,646,567,575,636
7.8875,646,567,575,636
7.890000000000001,646,567,575,636
7.8925,646,567,575,636
7.8950000000000005,646,567,575,636
7.8975,646,567,575,636
7.9,646,567,575,636
7.9025,646,567,575,636
7.905,646,567,575,636
7.9075,646,567,575,636
7.91,646,567,575,636
7.9125000000000005,646,567,575,636
7.915,646,567,575,636
7.9175,646,567,575,636
7.92,646,567,575,636
7.9225,646,567,575,636
7.925,646,567,575,636
7.9275,646,567,575,636
7.930000000000001,646,567,575,636
7.9325,646,567,575,636
7.9350000000000005,646,567,575,636
7.9375,646,567,575,636
7.94,646,567,575,636
7.9425,646,568,575,636
7.945,646,567,575,636
7.9475,646,567,575,636
7.95,646,567,575,636
7.952500000000001,646,567,575,636
7.955,646,568,575,636
7.9575000000000005,646,567,575,636
7.96,646,568,575,636
7.9625,646,567,575,636
7.965,646,567,575,636
7.9675,646,568,575,636
7.97,646,567,575,636
7.9725,646,567,575,636
7.9750000000000005,646,567,575,636
7.9775,646,568,575,636
7.98,646,567,575,636
7.9825,646,567,575,636
7.985,646,567,575,636
7.9875,646,567,575,636
7.99,646,567,575,636
7.992500000000001,646,567,575,636
7.995,646,567,575,636
7.9975000000000005,646,567,575,636
8.0,646,567,575,636
8.0025,646,567,575,636
8.005,646,567,575,636
8.0075,646,567,575,636
8.01,646,567,575,636
8.0125,646,567,575,636
8.015,646,567,575,636
8.0175,646,567,575,637
8.02,646,567,575,636
8.0225,646,568,575,636
8.025,646,567,575,636
8.0275,646,567,575,636
8.03,646,567,575,636
8.0325,646,567,575,636
8.035,646,567,575,636
8.0375,646,567,575,636
8.040000000000001,646,567,575,636
8.0425,646,567,575,636
8.045,646,567,575,636
8.0475,646,567,575,636
8.05,646,567,575,636
8.0525,646,567,575,636
8.055,646,567,575,636
8.057500000000001,646,567,575,636
8.06,646,567,575,636
8.0625,646,567,575,636
8.065,646,567,575,636
8.0675,646,567,575,636
8.07,646,568,575,636
8.0725,646,568,575,636
8.075,646,567,575,636
8.0775,646,567,575,636
8.08,646,567,575,636
8.0825,646,567,575,636
8.085,646,567,575,636
8.0875,646,568,575,636
8.09,646,567,575,636
8.0925,646,568,575,636
8.095,646,567,575,636
8.0975,646,567,575,636
8.1,646,568,575,636
8.102500000000001,646,568,575,636
8.105,646,567,575,636
8.1075,646,568,575,636
8.11,646,567,575,636
8.1125,646,567,575,636
8.115,646,567,575,636
8.1175,646,567,575,636
8.120000000000001,646,567,575,636
8.1225,646,567,575,636
8.125,646,567,575,636
8.1275,646,567,575,636
8.13,646,567,575,636
8.1325,646,567,575,636
8.135,646,567,575,636
8.1375,646,567,575,636
8.14,646,567,575,636
8.1425,646,567,575,636
8.145,646,567,575,636
8.1475,646,567,575,636
8.15,646,567,575,636
8.1525,646,567,575,636
8.155,646,568,575,636
8.1575,646,567,575,636
8.16,646,567,575,636
8.1625,646,567,575,636
8.165000000000001,646,567,575,636
8.1675,646,567,575,636
8.17,646,567,575,636
8.1725,646,567,575,636
8.175,646,567,575,636
8.1775,646,567,575,636
8.18,646,567,575,636
8.182500000000001,646,567,575,636
8.185,646,567,575,637
8.1875,646,567,575,636
8.19,646,567,575,636
8.1925,646,567,575,636
8.195,646,567,575,636
8.1975,646,567,575,636
8.2,646,567,575,636
8.2025,646,567,575,636
8.205,646,568,575,636
8.2075,646,567,575,636
8.21,646,567,575,636
8.2125,646,567,575,636
8.215,646,567,575,636
8.2175,646,568,575,636
8.22,646,567,575,636
8.2225,646,567,575,636
8.225,646,567,575,636
8.227500000000001,646,567,575,636
8.23,646,567,575,636
8.2325,646,567,575,636
8.235,646,567,575,636
8.2375,646,567,575,636
8.24,646,567,575,636
8.2425,646,567,575,636
8.245000000000001,646,567,575,636
8.2475,646,568,575,636
8.25,646,568,575,636
8.2525,646,567,575,636
8.255,646,567,575,637
8.2575,646,567,575,636
8.26,646,568,575,636
8.2625,646,567,575,636
8.265,646,567,575,636
8.2675,646,567,575,636
8.27,646,567,575,637
8.2725,646,567,575,636
8.275,646,567,575,636
8.2775,646,567,575,637
8.28,646,567,575,636
8.2825,646,567,575,636
8.285,646,568,575,636
8.2875,646,567,575,636
8.290000000000001,646,568,575,636
8.2925,646,567,575,636
8.295,646,568,575,636
8.2975,646,567,575,636
8.3,646,567,575,636
8.3025,646,567,575,636
8.305,646,567,575,636
8.307500000000001,646,568,575,636
8.31,646,568,575,637
8.3125,646,567,575,637
8.315,646,567,575,636
8.3175,647,568,575,637
8.32,646,567,575,636
8.3225,646,568,575,636
8.325,646,567,575,637
8.3275,646,567,575,637
8.33,646,567,575,636
8.3325,646,568,575,637
8.335,647,568,575,636
8.3375,647,568,575,636
8.34,646,568,575,636
8.3425,646,567,575,637
8.345,646,567,575,636
8.3475,646,568,575,637
8.35,646,568,575,637
8.352500000000001,646,567,575,636
8.355,646,567,575,636
8.3575,646,568,575,637
8.36,646,567,575,636
8.3625,646,568,575,636
8.365,646,568,575,637
8.3675,646,567,575,637
8.370000000000001,646,567,575,636
8.3725,646,567,575,637
8.375,646,567,575,637
8.3775,646,567,575,636
8.38,646,567,575,636
8.3825,646,567,575,636
8.385,646,568,575,637
8.3875,646,567,575,636
